Product ID,Product Name,Factor 1,Factor 2,Factor 3,Category,Sub-category,Brand,SKU,Size,Color,Supplier Name,Purchase Price (Rs),Min. Selling Price (Rs),Max. Selling Price (MRP) (Rs),Discount %,Cost Price After Discount,Quantity in Stock,Minimum Stock Level,Reorder Level,Reorder Quantity,Stock Status,Warehouse/ Store Location,Batch Number,Manufacturing Date,Clearance Date,Last Restocked Date,Last Sold Date,Total Sales Quantity,Total Sales Amount,Stock Value,Remarks/ Notes,SmartBuy,ClicKart,ShopiSky,Neesho
,Soft toy - Teddy Bear,Age,Gender,Purchasing Power,Toys & Games,Decor,BrandC,SKU1000,L,Blue,SupplierY,48.3,52.31,58.93,24,44.7868,11,8,29,16,In Stock,Store B,BATCH2000,2023-11-16,2025-05-25,2025-05-29,2025-06-15,489,25579.59,492.6548,Sample note,60.93,56.93,60.38,56.93
,Hot Wheels,Age,Gender,Purchasing Power,Toys & Games,Baby Gear,BrandC,SKU1001,S,White,SupplierZ,14.15,22.64,30.4,5,28.88,59,6,18,21,In Stock,Store A,BATCH2001,2024-01-21,2025-05-28,2025-06-16,2025-06-27,198,4482.72,1703.92,Sample note,29.4,31.6,32.3,29.2
,Water gun,Weather & Seasons,Age,Purchasing Power,Toys & Games,Accessory,BrandD,SKU1002,M,Green,SupplierZ,29.24,37.43,47.07,12,41.4216,76,17,18,10,In Stock,Store B,BATCH2002,2024-06-30,2025-05-09,2025-04-09,2025-06-28,258,9656.94,3148.0416,Sample note,49.17,46.07,45.62,45.77
,Barbie Doll,Age,Gender,Purchasing Power,Toys & Games,Baby Gear,BrandD,SKU1003,XL,Black,SupplierZ,18.58,23.4,36.72,19,29.7432,48,16,16,33,In Stock,Store B,BATCH2003,2024-06-05,2025-05-29,2025-07-07,2025-06-11,427,9991.8,1427.6736,Sample note,35.22,38.22,39.17,35.02
,Lego - Doll House,Age,Gender,Purchasing Power,Toys & Games,Baby Gear,BrandD,SKU1004,M,Red,SupplierX,9.29,13.94,20.96,7,19.4928,53,15,27,49,In Stock,Store A,BATCH2004,2024-03-27,2025-03-29,2025-04-12,2025-06-17,109,1519.46,1033.1184,Sample note,18.76,22.76,19.85,21.96
,Lego - Transformer,Age,Gender,Purchasing Power,Toys & Games,Building Set,BrandC,SKU1005,XL,Green,SupplierZ,34.48,42.23,49.53,23,38.1381,25,7,27,40,In Stock,Store A,BATCH2005,2023-10-21,2025-04-10,2025-06-25,2025-06-30,101,4265.23,953.4525,Sample note,52.33,47.63,47.78,46.63
,Lego - Flowers,Market Trends,Age,Purchasing Power,Toys & Games,Fragrance,BrandD,SKU1006,One Size,White,SupplierZ,30.1,35.78,48.12,30,33.684,77,7,21,32,In Stock,Store A,BATCH2006,2024-01-13,2025-02-26,2025-06-03,2025-06-12,175,6261.5,2593.668,Sample note,46.22,45.42,51.57,45.67
,Lego - F1 Car,Market Trends,Age,Purchasing Power,Toys & Games,Baby Gear,BrandD,SKU1007,L,Red,SupplierZ,34.71,40.48,48.41,27,35.3393,78,16,21,45,In Stock,Warehouse 1,BATCH2007,2023-10-02,2025-05-26,2025-05-16,2025-06-20,364,14734.72,2756.4654,Sample note,51.51,50.41,49.86,46.41
,Candle - Plain White,Festivals,Consumer Behavior,Market Trends,Home & Lifestyle,Decor,BrandC,SKU1008,S,White,SupplierZ,15.07,24.35,37.67,15,32.0195,57,17,22,25,In Stock,Store B,BATCH2008,2024-05-15,2025-01-10,2025-04-14,2025-06-27,202,4918.7,1825.1115,Sample note,39.67,35.67,39.57,36.47
,Candle - Scented,Festivals,Consumer Behavior,Market Trends,Home & Lifestyle,Decor,BrandC,SKU1009,S,Blue,SupplierX,32.25,36.27,41.43,29,29.4153,59,9,15,16,In Stock,Warehouse 1,BATCH2009,2023-07-23,2025-02-14,2025-06-22,2025-07-03,377,13673.79,1735.5027,Sample note,40.43,42.63,39.98,40.13
,Air Freshner,Consumer Behavior,Market Trends,Season,Home & Lifestyle,Doll,BrandC,SKU1010,S,Yellow,SupplierX,28.66,35.47,49.76,21,39.3104,97,14,22,32,In Stock,Store A,BATCH2010,2023-08-06,2025-03-26,2025-05-30,2025-06-12,480,17025.6,3813.1088,Sample note,51.86,48.76,52.21,48.06
,Serving Tray,Consumer Behavior,Market Trends,Season,Home & Lifestyle,Electronics,BrandA,SKU1011,XL,Blue,SupplierX,11.46,18.24,24.68,5,23.446,76,15,24,34,In Stock,Store A,BATCH2011,2024-02-12,2025-02-22,2025-04-23,2025-06-12,439,8007.36,1781.896,Sample note,23.18,26.18,23.57,25.68
,Flower Vase,Consumer Behavior,Market Trends,Season,Home & Lifestyle,Fragrance,BrandB,SKU1012,XL,Blue,SupplierX,29.31,37.43,48.85,5,46.4075,82,17,27,22,In Stock,Store B,BATCH2012,2024-02-02,2025-03-24,2025-04-28,2025-07-01,317,11865.31,3805.415,Sample note,46.65,50.65,47.1,45.95
,Perfume - Men,Gender,Season,Purchasing Power,Personal Care & Accessories,Footwear,BrandB,SKU1013,L,Green,SupplierZ,47.97,56.59,62.12,20,49.696,92,11,19,33,In Stock,Warehouse 1,BATCH2013,2023-09-02,2025-02-22,2025-05-04,2025-06-19,350,19806.5,4572.032,Sample note,64.92,60.22,65.57,59.67
,Perfume - Women,Gender,Season,Purchasing Power,Personal Care & Accessories,Electronics,BrandA,SKU1014,XL,Yellow,SupplierZ,41.29,47.74,59.07,20,47.256,50,15,23,23,In Stock,Store B,BATCH2014,2023-08-21,2025-03-30,2025-04-27,2025-06-27,171,8163.54,2362.8,Sample note,57.17,56.37,60.52,57.07
,Handbag,Gender,Purchasing Power,Market Trends,Fashion & Apparel,Vehicle,BrandD,SKU1015,M,Yellow,SupplierZ,35.14,44.3,52.36,28,37.6992,59,13,24,12,In Stock,Store B,BATCH2015,2024-04-03,2025-03-22,2025-05-06,2025-06-09,266,11783.8,2224.2528,Sample note,55.46,54.36,54.26,51.16
,Tshirts,Weather & Seasons,Purchasing Power,Market Trends,Fashion & Apparel,Fragrance,BrandB,SKU1016,XL,Green,SupplierX,27.5,30.94,41.13,20,32.904,50,15,18,33,In Stock,Warehouse 1,BATCH2016,2024-07-07,2025-02-02,2025-06-11,2025-06-13,359,11107.46,1645.2,Sample note,43.13,39.13,39.68,39.83
,Shirts,Weather & Seasons,Purchasing Power,Market Trends,Fashion & Apparel,Building Set,BrandB,SKU1017,L,Blue,SupplierY,16.68,26.4,34.42,27,25.1266,44,8,15,48,In Stock,Store A,BATCH2017,2024-05-06,2025-01-23,2025-04-27,2025-06-22,476,12566.4,1105.5704,Sample note,33.42,35.62,36.87,32.72
,Skirt,Gender,Purchasing Power,Market Trends,Fashion & Apparel,Accessory,BrandD,SKU1018,S,Black,SupplierZ,40.91,44.77,52.04,26,38.5096,95,8,26,27,In Stock,Store B,BATCH2018,2024-02-09,2025-05-07,2025-05-15,2025-06-28,284,12714.68,3658.412,Sample note,54.14,51.04,50.93,53.04
,Shorts,Weather & Seasons,Purchasing Power,Market Trends,Fashion & Apparel,Baby Gear,BrandC,SKU1019,One Size,Yellow,SupplierX,26.72,30.45,40.73,9,37.0643,93,12,23,31,In Stock,Store B,BATCH2019,2024-01-31,2025-02-07,2025-06-10,2025-06-25,252,7673.4,3446.9799,Sample note,39.23,42.23,38.98,37.83
,Dresses,Gender,Purchasing Power,Market Trends,Fashion & Apparel,Footwear,BrandD,SKU1020,One Size,Red,SupplierX,26.73,30.46,39.35,7,36.5955,36,20,21,42,In Stock,Warehouse 1,BATCH2020,2023-08-31,2025-05-16,2025-06-26,2025-06-22,233,7097.18,1317.438,Sample note,37.15,41.15,42.8,36.9
,Suits,Events,Purchasing Power,Market Trends,Fashion & Apparel,Decor,BrandA,SKU1021,M,Red,SupplierZ,44.84,48.89,55.63,24,42.2788,88,10,24,47,In Stock,Store B,BATCH2021,2024-01-31,2025-04-23,2025-06-06,2025-07-08,457,22342.73,3720.5344,Sample note,58.43,53.73,57.08,53.63
,Jacket,Weather & Seasons,Purchasing Power,Market Trends,Fashion & Apparel,Fragrance,BrandC,SKU1022,XL,Black,SupplierX,48.4,54.4,62.72,15,53.312,13,9,19,30,In Stock,Store B,BATCH2022,2023-09-28,2025-04-28,2025-04-17,2025-06-14,255,13872,693.056,Sample note,60.82,60.02,64.62,61.52
,Hoodie,Weather & Seasons,Purchasing Power,Market Trends,Fashion & Apparel,Fitness,BrandA,SKU1023,One Size,White,SupplierX,36.9,41.86,50.26,20,40.208,66,5,22,30,In Stock,Store B,BATCH2023,2024-03-12,2025-04-21,2025-05-03,2025-07-04,57,2386.02,2653.728,Sample note,53.36,52.26,48.81,48.96
,Shawl and Scarves,Weather & Seasons,Purchasing Power,Market Trends,Fashion & Apparel,Electronics,BrandA,SKU1024,XL,White,SupplierZ,10.53,15.22,25.92,28,18.6624,22,20,22,40,In Stock,Store A,BATCH2024,2024-05-11,2025-04-06,2025-04-11,2025-06-19,201,3059.22,410.5728,Sample note,27.92,23.92,28.37,24.22
,Socks,Weather & Seasons,Purchasing Power,Market Trends,Fashion & Apparel,Vehicle,BrandB,SKU1025,XL,White,SupplierY,37.59,42.44,54.78,24,41.6328,28,6,29,22,In Stock,Store B,BATCH2025,2024-06-03,2025-03-05,2025-07-03,2025-06-20,112,4753.28,1165.7184,Sample note,53.78,55.98,53.67,55.78
,Beachwear,Weather & Seasons,Purchasing Power,Market Trends,Fashion & Apparel,Doll,BrandA,SKU1026,One Size,Green,SupplierY,39.57,45.24,57.31,18,46.9942,37,19,22,30,In Stock,Store B,BATCH2026,2023-11-08,2025-01-18,2025-04-30,2025-06-20,67,3031.08,1738.7854,Sample note,59.41,56.31,55.56,54.41
,Undergarments,Weather & Seasons,Purchasing Power,Market Trends,Fashion & Apparel,Doll,BrandD,SKU1027,L,Blue,SupplierZ,13.93,21.83,27.55,23,21.2135,52,7,24,30,In Stock,Store B,BATCH2027,2023-10-27,2025-04-13,2025-05-26,2025-06-29,79,1724.57,1103.102,Sample note,26.05,29.05,31,25.1
,Gymwear,Events,Purchasing Power,Market Trends,Fashion & Apparel,Apparel,BrandA,SKU1028,L,White,SupplierZ,13.53,21.19,34.3,12,30.184,92,9,30,33,In Stock,Warehouse 1,BATCH2028,2024-06-15,2025-06-04,2025-06-22,2025-06-25,322,6823.18,2776.928,Sample note,32.1,36.1,35.75,32.3
,Footwear,Weather & Seasons,Purchasing Power,Market Trends,Fashion & Apparel,Fragrance,BrandC,SKU1029,XL,Black,SupplierZ,18.42,25.32,38.11,29,27.0581,57,10,25,32,In Stock,Warehouse 1,BATCH2029,2023-09-25,2025-02-20,2025-06-26,2025-06-09,139,3519.48,1542.3117,Sample note,40.91,36.21,40.01,36.91
,Sunglasses,Weather & Seasons,Purchasing Power,Market Trends,Fashion & Apparel,Decor,BrandD,SKU1030,XL,Green,SupplierX,41.13,49.67,60.45,26,44.733,45,12,28,45,In Stock,Store B,BATCH2030,2023-09-13,2025-02-27,2025-05-29,2025-06-24,389,19321.63,2012.985,Sample note,58.55,57.75,59,59.15
,Cap/Hat,Weather & Seasons,Purchasing Power,Market Trends,Fashion & Apparel,Footwear,BrandC,SKU1031,One Size,Blue,SupplierX,39.07,42.56,56.29,6,52.9126,19,13,30,20,In Stock,Store A,BATCH2031,2024-02-18,2025-05-23,2025-05-05,2025-07-05,436,18556.16,1005.3394,Sample note,59.39,58.29,58.74,54.59
,Board Games,Age,Gender,Purchasing Power,Toys & Games,Electronics,BrandD,SKU1032,S,Yellow,SupplierZ,28.01,33.88,45.04,26,33.3296,97,5,23,33,In Stock,Warehouse 1,BATCH2032,2024-05-09,2025-01-26,2025-06-26,2025-06-22,110,3726.8,3232.9712,Sample note,47.04,43.04,43.93,46.04
,Smartwatch,Market Trends,Consumer Behavior,Season,Electronics,Electronics,BrandD,SKU1033,XL,Yellow,SupplierX,18.97,26,36.36,14,31.2696,96,14,19,29,In Stock,Warehouse 1,BATCH2033,2023-08-19,2025-05-01,2025-05-23,2025-07-02,339,8814,3001.8816,Sample note,35.36,37.56,34.61,33.46
,Bluetooth Speaker,Market Trends,Consumer Behavior,Season,Electronics,Fragrance,BrandD,SKU1034,M,Yellow,SupplierZ,23.43,31.38,44.74,24,34.0024,55,20,28,38,In Stock,Store A,BATCH2034,2024-03-04,2025-04-30,2025-05-04,2025-07-01,289,9068.82,1870.132,Sample note,46.84,43.74,48.19,42.29
,Laptop Bag,Events,Purchasing Power,Market Trends,Electronics,Accessory,BrandD,SKU1035,L,Yellow,SupplierX,11.99,20.53,34.18,24,25.9768,45,14,27,39,In Stock,Warehouse 1,BATCH2035,2023-09-20,2025-06-02,2025-04-24,2025-06-19,499,10244.47,1168.956,Sample note,32.68,35.68,35.63,32.18
,Yoga Mat,Consumer Behavior,Market Trends,Season,Fitness,Apparel,BrandD,SKU1036,M,Blue,SupplierX,18.43,24.02,33.13,13,28.8231,16,13,26,37,In Stock,Store B,BATCH2036,2024-05-18,2025-05-13,2025-05-19,2025-07-04,264,6341.28,461.1696,Sample note,30.93,34.93,35.03,31.93
,Reusable Water Bottle,Consumer Behavior,Market Trends,Season,Home & Lifestyle,Footwear,BrandB,SKU1037,L,Green,SupplierX,41.11,51.08,63.63,28,45.8136,69,5,21,19,In Stock,Store B,BATCH2037,2024-06-21,2025-01-12,2025-07-06,2025-06-23,223,11390.84,3161.1384,Sample note,66.43,61.73,62.18,62.33
,Face Mask,Govt Laws,Govt Laws,Tax,Personal Care & Accessories,Building Set,BrandB,SKU1038,One Size,Yellow,SupplierY,7.37,16.82,22.28,7,20.7204,26,7,15,22,In Stock,Store B,BATCH2038,2024-04-16,2025-02-26,2025-06-04,2025-06-25,482,8107.24,538.7304,Sample note,20.38,19.58,24.73,20.58
,Hair Dryer,Consumer Behavior,Market Trends,Season,Personal Care & Accessories,Footwear,BrandC,SKU1039,XL,Yellow,SupplierZ,40.93,46.98,59.91,18,49.1262,73,13,21,43,In Stock,Store B,BATCH2039,2023-10-01,2025-04-23,2025-06-19,2025-07-07,162,7610.76,3586.2126,Sample note,63.01,61.91,58.8,60.91
,Makeup Kit,Gender,Season,Market Trends,Personal Care & Accessories,Accessory,BrandA,SKU1040,XL,Blue,SupplierZ,37.01,44.54,49.77,21,39.3183,64,14,21,19,In Stock,Store A,BATCH2040,2024-05-06,2025-04-21,2025-04-12,2025-06-12,89,3964.06,2516.3712,Sample note,51.77,47.77,48.02,46.87
,Baby Stroller,Age,Purchasing Power,Market Trends,Baby Products,Baby Gear,BrandB,SKU1041,XL,Red,SupplierZ,47.52,49.53,60.52,7,56.2836,25,18,26,27,In Stock,Store A,BATCH2041,2023-07-19,2025-05-19,2025-06-19,2025-06-22,165,8172.45,1407.09,Sample note,59.52,61.72,63.97,58.07
,Samsung Lipstick,New Launches,Raw Material,Market Trends,Beauty & Personal Care,Lipstick,Samsung,SAM8847,Small,Black,Retail Hub,368.97,552.58,623.28,29.89,436.98,76,28,72,95,In Stock,Warehouse 4,BATCH5558,2025-05-19,2026-01-04,2025-06-13,2025-06-14,11,6078.38,28041.72,Clearance,625.38,622.28,624.73,621.28
,Apple Pen,Consumer Behavior,Purchasing Power,Population Density,Stationery,Pen,Apple,APP1634,Medium,Grey,Brand Distributors,362.56,434.67,487.9,14.52,417.06,116,14,35,31,In Stock,Warehouse 5,BATCH2183,2024-07-30,2025-07-04,2025-04-29,2025-06-22,31,13474.77,42056.96,Clearance,486.4,489.4,489.8,486.7
,HP Microwave Oven,Festivals,Competitors,New Launches,Home Appliances,Microwave Oven,HP,HP7937,Large,Pink,Brand Distributors,391.55,419.15,510.03,13.29,442.25,178,40,57,40,In Stock,Warehouse 3,BATCH2148,2024-09-07,2025-03-23,2025-05-30,2025-06-13,4,1676.6,69695.9,Clearance,507.83,511.83,508.58,508.73
,Revlon Doll,Purchasing Power,Competitors,Events,Toys & Games,Doll,Revlon,REV2427,XL,Green,Direct Supplies,297.05,346.48,391.66,16.4,327.43,291,47,91,60,In Stock,Warehouse 3,BATCH3602,2024-08-24,2025-08-16,2025-04-22,2025-07-01,185,64098.8,86441.55,Seasonal Item,394.46,389.76,394.11,389.96
,Revlon Football,Consumer Behavior,Age,Weather & Seasons,Sports & Outdoors,Football,Revlon,REV9643,One Size,White,Brand Distributors,479.44,684.01,736.44,22.45,571.11,27,15,57,41,In Stock,Warehouse 1,BATCH5316,2024-12-17,2025-06-24,2025-04-25,2025-06-30,23,15732.23,12944.88,Seasonal Item,734.54,733.74,735.33,737.44
,Apple Dress,Events,Consumer Behavior,Weather & Seasons,Fashion,Dress,Apple,APP5047,Small,Black,Brand Distributors,198.38,260.22,321.97,24.18,244.12,266,40,69,87,In Stock,Warehouse 3,BATCH8012,2024-09-09,2025-06-05,2025-06-03,2025-06-28,92,23940.24,52769.08,Best Seller,325.07,323.97,320.22,319.07
,Puma Notebook,Competitors,Market Trends,Weather & Seasons,Stationery,Notebook,Puma,PUM5830,One Size,White,Brand Distributors,46.23,55.69,65.36,24.29,49.48,127,15,54,67,In Stock,Warehouse 5,BATCH4318,2025-03-05,2026-02-26,2025-05-12,2025-06-10,100,5569,5871.21,Clearance,67.36,63.36,68.81,62.91
,Apple Jeans,Purchasing Power,Supply Disruption,Population Density,Fashion,Jeans,Apple,APP7488,One Size,Black,Direct Supplies,371.81,495.81,558.53,7.55,516.36,323,46,69,68,In Stock,Warehouse 4,BATCH1588,2024-08-16,2025-04-29,2025-06-30,2025-06-15,311,154196.91,120094.63,Best Seller,557.53,559.73,559.98,556.53
,Maybelline Puzzle,Supply Disruption,Govt Laws,Raw Material,Toys & Games,Puzzle,Maybelline,MAY2203,XL,Blue,Global Traders,412.1,506.7,599.12,24.06,454.97,92,49,64,87,In Stock,Warehouse 3,BATCH6860,2025-06-01,2026-02-23,2025-04-27,2025-06-18,66,33442.2,37913.2,New Arrival,601.22,598.12,601.02,597.92
,HP Notebook,Population Density,Competitors,Events,Stationery,Notebook,HP,HP8240,Medium,Blue,Wholesale Mart,472.91,511.92,574.32,25,430.74,27,32,69,22,Low Stock,Warehouse 2,BATCH8410,2025-04-15,2026-04-05,2025-05-05,2025-07-07,1,511.92,12768.57,Seasonal Item,572.82,575.82,572.87,573.02
,Puma Jeans,Events,Consumer Behavior,Tax,Fashion,Jeans,Puma,PUM7564,One Size,Blue,Direct Supplies,271.27,373.72,414.17,28.5,296.13,185,5,20,44,In Stock,Warehouse 4,BATCH6781,2024-10-02,2025-08-26,2025-04-11,2025-07-07,108,40361.76,50184.95,Seasonal Item,411.97,415.97,416.62,412.47
,Maybelline Dress,Consumer Behavior,Historical Demand,Gender,Fashion,Dress,Maybelline,MAY8122,Large,Grey,Retail Hub,88.43,143.05,150.98,9.55,136.56,445,29,32,100,In Stock,Warehouse 5,BATCH3848,2025-03-16,2025-12-01,2025-05-03,2025-06-25,233,33330.65,39351.35,Clearance,153.78,149.08,149.87,151.98
,HP Notebook,Festivals,Gender,Historical Demand,Stationery,Notebook,HP,HP8988,XL,White,Wholesale Mart,351.15,489.31,560.34,21.09,442.16,37,5,37,76,In Stock,Warehouse 1,BATCH8106,2024-08-17,2025-03-10,2025-06-22,2025-06-29,12,5871.72,12992.55,Clearance,558.44,557.64,558.59,557.44
,Maybelline Tennis Racket,Consumer Behavior,Festivals,Supply Disruption,Sports & Outdoors,Tennis Racket,Maybelline,MAY6145,Medium,Pink,Retail Hub,442.01,591.2,660.52,8.98,601.21,267,37,45,52,In Stock,Warehouse 5,BATCH6305,2025-04-25,2026-04-21,2025-06-16,2025-06-14,138,81585.6,118016.67,New Arrival,663.62,662.52,663.97,658.07
,HP Smartphone,Supply Disruption,Events,Festivals,Electronics,Smartphone,HP,HP7404,One Size,Black,Wholesale Mart,111.6,156.32,172.32,23.97,131.01,405,15,20,88,In Stock,Warehouse 2,BATCH7117,2024-12-28,2025-07-27,2025-06-20,2025-06-28,312,48771.84,45198,Limited Stock,174.32,170.32,173.77,170.32
,Adidas Action Figure,Raw Material,New Launches,Consumer Behavior,Toys & Games,Action Figure,Adidas,ADI6425,Medium,White,Wholesale Mart,244.85,320.85,366.64,7.24,340.1,159,29,42,61,In Stock,Warehouse 5,BATCH8254,2024-12-28,2025-08-17,2025-06-02,2025-07-01,145,46523.25,38931.15,Seasonal Item,365.64,367.84,368.54,365.44
,Maybelline Camping Tent,Gender,Raw Material,Competitors,Sports & Outdoors,Camping Tent,Maybelline,MAY2315,One Size,Green,Brand Distributors,45.49,65.16,73.22,18.84,59.43,191,29,33,53,In Stock,Warehouse 5,BATCH8354,2024-07-12,2025-05-09,2025-05-08,2025-06-14,2,130.32,8688.59,Seasonal Item,75.32,72.22,71.77,71.92
,Adidas Sneakers,Gender,Govt Laws,New Launches,Fashion,Sneakers,Adidas,ADI7358,XL,Green,Direct Supplies,159.65,240.24,266.44,7.4,246.72,282,35,40,98,In Stock,Warehouse 5,BATCH7556,2025-03-26,2025-12-27,2025-05-22,2025-06-21,278,66786.72,45021.3,New Arrival,264.94,267.94,268.89,264.74
,Maybelline Dress,Festivals,Govt Laws,Weather & Seasons,Fashion,Dress,Maybelline,MAY9461,Small,White,Direct Supplies,264.05,411,464.33,24.54,350.38,444,20,30,84,In Stock,Warehouse 1,BATCH8533,2024-10-18,2025-08-10,2025-04-18,2025-07-01,88,36168,117238.2,Best Seller,462.13,466.13,463.22,465.33
,LG Bluetooth Speaker,Weather & Seasons,Historical Demand,Supply Disruption,Electronics,Bluetooth Speaker,LG,LG8292,Medium,Red,Global Traders,168.46,237.25,292.09,22.28,227.01,64,10,24,41,In Stock,Warehouse 5,BATCH4688,2025-01-30,2026-01-22,2025-05-30,2025-06-09,1,237.25,10781.44,Seasonal Item,294.89,290.19,290.34,289.19
,Samsung Conditioner,Govt Laws,Market Trends,Age,Beauty & Personal Care,Conditioner,Samsung,SAM6080,XL,Yellow,Wholesale Mart,435.84,675.72,717.74,6.66,669.94,413,15,54,30,In Stock,Warehouse 2,BATCH6555,2024-09-21,2025-05-08,2025-06-23,2025-06-21,302,204067.44,180001.92,Seasonal Item,715.84,715.04,721.19,715.29
,Adidas Notebook,Tax,Market Trends,Population Density,Stationery,Notebook,Adidas,ADI9692,XL,Black,Brand Distributors,423.66,503.86,616.46,5.62,581.81,178,41,52,33,In Stock,Warehouse 4,BATCH7723,2024-11-03,2025-10-04,2025-05-20,2025-06-09,103,51897.58,75411.48,Limited Stock,619.56,618.46,617.91,614.46
,Puma Face Cream,Festivals,Purchasing Power,Market Trends,Beauty & Personal Care,Face Cream,Puma,PUM8308,XL,Yellow,Direct Supplies,58.65,65.96,79.15,9.52,71.61,421,5,25,75,In Stock,Warehouse 2,BATCH6252,2024-09-02,2025-06-01,2025-05-14,2025-06-16,128,8442.88,24691.65,Seasonal Item,81.15,77.15,81.05,77.95
,Puma Stapler,Age,Weather & Seasons,Gender,Stationery,Stapler,Puma,PUM6598,XL,Green,Retail Hub,12.76,18.34,20.71,26.93,15.13,228,29,35,66,In Stock,Warehouse 1,BATCH8351,2024-10-29,2025-06-16,2025-05-09,2025-07-02,180,3301.2,2909.28,Seasonal Item,19.71,21.91,19.26,19.41
,Revlon Laptop,Tax,Weather & Seasons,Supply Disruption,Electronics,Laptop,Revlon,REV1947,One Size,Black,Wholesale Mart,47.57,67.32,77.38,15.75,65.19,374,11,53,79,In Stock,Warehouse 4,BATCH5488,2024-07-31,2025-03-25,2025-06-27,2025-07-01,9,605.88,17791.18,Clearance,79.48,76.38,79.83,75.68
,LG Face Cream,Age,Historical Demand,Govt Laws,Beauty & Personal Care,Face Cream,LG,LG6342,Medium,Grey,Retail Hub,430.27,466.89,526.38,13.96,452.9,363,29,73,61,In Stock,Warehouse 5,BATCH2643,2024-10-30,2025-08-07,2025-06-10,2025-06-12,106,49490.34,156188.01,Limited Stock,524.88,527.88,525.27,527.38
,Revlon Smartwatch,Historical Demand,New Launches,Festivals,Electronics,Smartwatch,Revlon,REV3071,Large,Grey,Global Traders,35.2,45.05,54.92,12.07,48.29,290,20,54,38,In Stock,Warehouse 1,BATCH1852,2025-06-09,2026-01-10,2025-05-11,2025-06-27,265,11938.25,10208,Clearance,52.72,56.72,53.17,52.02
,Adidas Jacket,Purchasing Power,Consumer Behavior,Raw Material,Fashion,Jacket,Adidas,ADI6464,One Size,Blue,Retail Hub,376.52,395.79,471.28,19.67,378.58,241,39,67,100,In Stock,Warehouse 3,BATCH2434,2025-02-23,2025-08-31,2025-04-18,2025-07-07,116,45911.64,90741.32,Limited Stock,474.08,469.38,474.73,468.83
,Nike Smartwatch,Market Trends,Consumer Behavior,Tax,Electronics,Smartwatch,Nike,NIK9308,XL,Red,Global Traders,286.82,417.57,487.56,10.25,437.59,490,33,57,65,In Stock,Warehouse 5,BATCH7645,2025-06-06,2026-04-23,2025-05-13,2025-06-24,345,144061.65,140541.8,New Arrival,485.66,484.86,489.01,485.56
,Apple Marker,Historical Demand,Festivals,Purchasing Power,Stationery,Marker,Apple,APP6517,Medium,Blue,Direct Supplies,54.73,67.12,79.85,17.92,65.54,130,23,49,38,In Stock,Warehouse 5,BATCH5080,2025-03-01,2026-01-08,2025-05-26,2025-06-11,42,2819.04,7114.9,New Arrival,82.95,81.85,81.75,78.65
,Adidas Washing Machine,Competitors,Supply Disruption,Events,Home Appliances,Washing Machine,Adidas,ADI8508,XL,Green,Brand Distributors,334.99,383.24,451.48,11.51,399.51,54,8,31,48,In Stock,Warehouse 3,BATCH2519,2024-10-01,2025-03-31,2025-05-18,2025-07-03,51,19545.24,18089.46,Limited Stock,453.48,449.48,450.03,450.18
,Revlon Pen,Supply Disruption,Purchasing Power,Weather & Seasons,Stationery,Pen,Revlon,REV1369,Medium,Black,Retail Hub,475.75,746.22,837.85,26.54,615.48,401,37,87,28,In Stock,Warehouse 2,BATCH1877,2025-03-15,2025-12-09,2025-05-30,2025-06-30,59,44026.98,190775.75,Best Seller,836.85,839.05,840.3,836.15
,Nike Microwave Oven,Weather & Seasons,Festivals,Events,Home Appliances,Microwave Oven,Nike,NIK9468,Medium,White,Brand Distributors,246.97,316.51,349.22,13.19,303.16,219,37,49,28,In Stock,Warehouse 5,BATCH9822,2025-03-24,2025-12-20,2025-05-17,2025-06-11,162,51274.62,54086.43,Clearance,351.32,348.22,348.11,350.22
,HP Conditioner,Age,Gender,Supply Disruption,Beauty & Personal Care,Conditioner,HP,HP6517,One Size,White,Global Traders,147.43,186.24,213.87,9.83,192.85,336,26,64,82,In Stock,Warehouse 2,BATCH6574,2024-07-10,2025-04-29,2025-06-05,2025-06-10,269,50098.56,49536.48,Limited Stock,212.37,215.37,212.12,210.97
,LG Football,Tax,Events,Purchasing Power,Sports & Outdoors,Football,LG,LG5476,XL,Grey,Brand Distributors,73.17,79.22,90.59,13.03,78.79,188,13,63,32,In Stock,Warehouse 1,BATCH6759,2025-01-18,2025-08-11,2025-05-06,2025-06-21,88,6971.36,13755.96,Best Seller,88.39,92.39,94.04,88.14
,Nike Dumbbells,Age,Supply Disruption,Govt Laws,Sports & Outdoors,Dumbbells,Nike,NIK5488,Medium,White,Direct Supplies,496.29,572.11,663.69,28.67,473.41,200,8,29,88,In Stock,Warehouse 1,BATCH4521,2024-07-22,2025-06-30,2025-07-08,2025-06-29,92,52634.12,99258,Seasonal Item,666.49,661.79,665.14,661.69
,Apple Puzzle,Tax,Market Trends,Weather & Seasons,Toys & Games,Puzzle,Apple,APP7062,XL,Blue,Wholesale Mart,273.69,324.54,382.61,28.82,272.34,245,33,62,51,In Stock,Warehouse 4,BATCH9941,2025-02-18,2026-01-05,2025-05-18,2025-06-15,7,2271.78,67054.05,Seasonal Item,380.71,379.91,384.51,381.41
,Dell Smartwatch,Events,Purchasing Power,Competitors,Electronics,Smartwatch,Dell,DEL7619,Medium,Pink,Wholesale Mart,149.46,219.67,238.62,23.7,182.07,200,7,51,75,In Stock,Warehouse 4,BATCH1070,2024-12-28,2025-10-08,2025-06-24,2025-06-15,107,23504.69,29892,Seasonal Item,241.72,240.62,237.17,237.32
,Maybelline Laptop,Govt Laws,Market Trends,Supply Disruption,Electronics,Laptop,Maybelline,MAY8906,One Size,Pink,Global Traders,227.47,333.73,396.77,22.91,305.87,464,28,74,61,In Stock,Warehouse 4,BATCH2116,2024-10-22,2025-09-03,2025-06-23,2025-07-07,120,40047.6,105546.08,New Arrival,398.77,394.77,399.22,395.07
,Maybelline Laptop,Consumer Behavior,Festivals,Competitors,Electronics,Laptop,Maybelline,MAY2730,Medium,Grey,Direct Supplies,251.09,325.04,357.41,27.04,260.77,19,41,63,38,Low Stock,Warehouse 5,BATCH7012,2025-04-10,2025-12-21,2025-06-01,2025-07-01,4,1300.16,4770.71,Clearance,356.41,358.61,356.3,358.41
,Adidas Puzzle,Historical Demand,Gender,Market Trends,Toys & Games,Puzzle,Adidas,ADI8952,Large,Green,Wholesale Mart,37.19,43.42,48.6,21.86,37.98,335,28,78,70,In Stock,Warehouse 3,BATCH7959,2024-11-26,2025-07-14,2025-06-24,2025-07-03,293,12722.06,12458.65,Limited Stock,50.7,47.6,46.85,45.7
,Maybelline Dumbbells,Raw Material,Events,Competitors,Sports & Outdoors,Dumbbells,Maybelline,MAY6405,XL,Grey,Global Traders,66.32,93.1,113.4,13.75,97.81,333,33,41,24,In Stock,Warehouse 1,BATCH5221,2025-04-09,2026-01-29,2025-07-01,2025-07-01,278,25881.8,22084.56,Clearance,111.9,114.9,116.85,110.95
,LG Tablet,Market Trends,Govt Laws,Competitors,Electronics,Tablet,LG,LG2319,Medium,Yellow,Brand Distributors,495.96,669.1,824.22,25.48,614.21,382,12,55,65,In Stock,Warehouse 2,BATCH2360,2024-08-15,2025-06-17,2025-07-01,2025-07-05,366,244890.6,189456.72,Seasonal Item,822.02,826.02,825.67,822.22
,Nike Laptop,Tax,Age,New Launches,Electronics,Laptop,Nike,NIK5643,One Size,Pink,Direct Supplies,124.87,152.65,164.69,25.17,123.24,203,25,68,100,In Stock,Warehouse 3,BATCH4893,2024-10-24,2025-10-12,2025-05-30,2025-07-07,15,2289.75,25348.61,Seasonal Item,167.49,162.79,166.59,163.49
,HP Jeans,Govt Laws,Age,Events,Fashion,Jeans,HP,HP3029,Small,Pink,Wholesale Mart,128.88,160.09,176.76,12.87,154.01,343,26,29,62,In Stock,Warehouse 4,BATCH9134,2025-01-16,2025-12-12,2025-07-01,2025-07-05,160,25614.4,44205.84,New Arrival,174.86,174.06,175.31,175.46
,Samsung Stapler,Raw Material,Festivals,Tax,Stationery,Stapler,Samsung,SAM6708,Medium,Black,Global Traders,411.35,462.15,561.07,22.99,432.08,369,13,39,20,In Stock,Warehouse 5,BATCH5759,2024-08-07,2025-06-11,2025-07-03,2025-06-15,148,68398.2,151788.15,Limited Stock,564.17,563.07,563.52,559.37
,Samsung Perfume,Events,Competitors,Consumer Behavior,Beauty & Personal Care,Perfume,Samsung,SAM5038,XL,White,Wholesale Mart,448.62,680.33,729.47,28.49,521.64,141,37,48,100,In Stock,Warehouse 1,BATCH6825,2025-02-06,2026-01-13,2025-07-07,2025-06-28,1,680.33,63255.42,Seasonal Item,731.47,727.47,728.36,730.47
,Maybelline Doll,Population Density,Historical Demand,Weather & Seasons,Toys & Games,Doll,Maybelline,MAY2138,XL,White,Direct Supplies,309.29,365.64,433.36,12.24,380.32,244,23,38,77,In Stock,Warehouse 3,BATCH4292,2024-10-12,2025-09-16,2025-06-05,2025-07-04,130,47533.2,75466.76,Clearance,432.36,434.56,431.61,430.46
,Dell Football,Supply Disruption,Weather & Seasons,Age,Sports & Outdoors,Football,Dell,DEL4988,Large,White,Global Traders,433.61,575.64,613.15,20.4,488.07,266,35,40,38,In Stock,Warehouse 2,BATCH2097,2024-09-23,2025-04-04,2025-05-05,2025-06-09,238,137002.32,115340.26,Limited Stock,615.25,612.15,616.6,610.7
,Adidas Laptop,Weather & Seasons,Purchasing Power,Market Trends,Electronics,Laptop,Adidas,ADI3641,One Size,Blue,Global Traders,37.6,55.97,63.61,8.9,57.95,184,41,46,86,In Stock,Warehouse 1,BATCH8839,2025-04-09,2025-11-10,2025-05-04,2025-06-17,85,4757.45,6918.4,Seasonal Item,62.11,65.11,65.06,61.61
,Puma Laptop,Events,New Launches,Age,Electronics,Laptop,Puma,PUM3489,XL,Grey,Retail Hub,78.76,80.85,97.18,11.21,86.29,211,49,89,80,In Stock,Warehouse 4,BATCH4863,2025-05-02,2026-02-17,2025-05-09,2025-07-01,39,3153.15,16618.36,New Arrival,94.98,98.98,99.08,95.98
,Puma Puzzle,Purchasing Power,Supply Disruption,Market Trends,Toys & Games,Puzzle,Puma,PUM5680,XL,White,Retail Hub,60.13,77.67,94.15,9.03,85.65,137,28,33,34,In Stock,Warehouse 5,BATCH7625,2025-04-20,2025-10-22,2025-04-27,2025-06-22,59,4582.53,8237.81,Clearance,96.95,92.25,92.7,92.85
,Adidas Laptop,Supply Disruption,New Launches,Festivals,Electronics,Laptop,Adidas,ADI2103,Medium,Red,Brand Distributors,115.23,143.12,159.47,16.55,133.08,136,26,72,78,In Stock,Warehouse 5,BATCH5626,2025-04-11,2025-11-17,2025-06-20,2025-06-26,86,12308.32,15671.28,Limited Stock,157.57,156.77,161.92,157.77
,Dell Smartwatch,Festivals,Age,Weather & Seasons,Electronics,Smartwatch,Dell,DEL9204,XL,Black,Retail Hub,90.91,104.8,118.38,27.88,85.38,44,42,64,85,In Stock,Warehouse 3,BATCH8985,2024-11-07,2025-09-02,2025-05-15,2025-06-11,33,3458.4,4000.04,Seasonal Item,121.48,120.38,117.27,119.38
,Apple Dumbbells,Market Trends,Population Density,Festivals,Sports & Outdoors,Dumbbells,Apple,APP6211,Medium,Grey,Direct Supplies,408.08,553.06,646.68,7.67,597.08,44,40,66,98,In Stock,Warehouse 3,BATCH8821,2024-07-31,2025-05-20,2025-04-15,2025-06-16,33,18250.98,17955.52,Seasonal Item,648.68,644.68,644.93,643.78
,Maybelline Marker,Govt Laws,Festivals,New Launches,Stationery,Marker,Maybelline,MAY8434,One Size,Blue,Direct Supplies,21.75,26.06,28.3,9.47,25.62,471,30,43,80,In Stock,Warehouse 1,BATCH4410,2024-09-21,2025-05-08,2025-05-13,2025-07-07,148,3856.88,10244.25,Clearance,27.3,29.5,31.75,25.85
,HP File Folder,Supply Disruption,Events,Market Trends,Stationery,File Folder,HP,HP6773,Large,Yellow,Wholesale Mart,479.88,690.35,787.95,8.03,724.68,113,19,42,30,In Stock,Warehouse 2,BATCH4919,2025-05-17,2025-12-13,2025-06-28,2025-06-15,6,4142.1,54226.44,New Arrival,790.05,786.95,789.4,785.95
,Apple Dress,Competitors,Supply Disruption,Consumer Behavior,Fashion,Dress,Apple,APP7107,Medium,Black,Global Traders,417.76,444.18,507.98,19.98,406.49,210,20,40,28,In Stock,Warehouse 4,BATCH3139,2024-10-09,2025-05-21,2025-06-13,2025-06-15,159,70624.62,87729.6,New Arrival,506.48,509.48,509.88,506.78
,Apple Board Game,Raw Material,Consumer Behavior,Festivals,Toys & Games,Board Game,Apple,APP8756,XL,Grey,Wholesale Mart,310.98,444.51,482.34,11.17,428.46,124,46,95,62,In Stock,Warehouse 5,BATCH8294,2025-04-09,2026-01-08,2025-04-19,2025-06-18,103,45784.53,38561.52,Limited Stock,480.14,484.14,480.89,481.04
,Adidas RC Car,Supply Disruption,Events,Govt Laws,Toys & Games,RC Car,Adidas,ADI3550,Medium,Grey,Direct Supplies,179.93,222.42,247.94,17.95,203.43,153,42,55,29,In Stock,Warehouse 4,BATCH1332,2024-12-01,2025-08-31,2025-05-26,2025-06-16,24,5338.08,27529.29,Seasonal Item,250.74,246.04,250.39,246.24
,Nike Jeans,Consumer Behavior,Tax,Historical Demand,Fashion,Jeans,Nike,NIK7266,XL,Blue,Retail Hub,334.36,563.63,594.99,7.19,552.21,416,40,87,63,In Stock,Warehouse 4,BATCH7396,2025-03-02,2025-09-22,2025-06-25,2025-06-12,147,82853.61,139093.76,New Arrival,593.09,592.29,593.88,595.99
,Apple Shampoo,Population Density,Weather & Seasons,Market Trends,Beauty & Personal Care,Shampoo,Apple,APP6168,Medium,White,Retail Hub,397.66,469.6,533.93,28.47,381.92,418,17,41,37,In Stock,Warehouse 1,BATCH9286,2024-11-04,2025-05-12,2025-05-03,2025-06-26,306,143697.6,166221.88,Seasonal Item,537.03,535.93,532.18,531.03
,Samsung Perfume,Age,Competitors,Weather & Seasons,Beauty & Personal Care,Perfume,Samsung,SAM5652,One Size,Black,Global Traders,387.22,418.16,473.59,8.84,431.72,146,21,60,52,In Stock,Warehouse 1,BATCH5017,2024-07-10,2025-03-11,2025-05-03,2025-07-03,77,32198.32,56534.12,New Arrival,475.59,471.59,477.04,471.14
,Revlon Perfume,Raw Material,Market Trends,Govt Laws,Beauty & Personal Care,Perfume,Revlon,REV2843,Large,Blue,Wholesale Mart,474.48,673.36,803,26.18,592.77,182,10,49,66,In Stock,Warehouse 5,BATCH8666,2025-03-08,2025-10-06,2025-06-28,2025-06-27,15,10100.4,86355.36,Seasonal Item,802,804.2,804.45,801
,Maybelline Tablet,Festivals,New Launches,Consumer Behavior,Electronics,Tablet,Maybelline,MAY5472,Large,Blue,Retail Hub,98.35,156.81,168.5,21.33,132.56,242,35,47,75,In Stock,Warehouse 4,BATCH8389,2025-04-11,2025-11-09,2025-04-10,2025-07-05,0,0,23800.7,Best Seller,170.6,167.5,170.4,167.3
,Sony Board Game,New Launches,Events,Market Trends,Toys & Games,Board Game,Sony,SON3975,One Size,Yellow,Global Traders,366.59,615.17,654.91,29.53,461.52,130,43,80,61,In Stock,Warehouse 3,BATCH5611,2024-10-16,2025-06-16,2025-04-13,2025-07-07,8,4921.36,47656.7,Seasonal Item,653.41,656.41,653.46,653.61
,Revlon Face Cream,Market Trends,Gender,Festivals,Beauty & Personal Care,Face Cream,Revlon,REV7242,Small,Yellow,Brand Distributors,313.85,379.79,408.96,29.91,286.64,481,11,19,75,In Stock,Warehouse 3,BATCH1306,2025-01-04,2025-11-21,2025-04-12,2025-06-18,436,165588.44,150961.85,Clearance,406.76,410.76,411.41,407.26
,Samsung Dumbbells,Age,Raw Material,New Launches,Sports & Outdoors,Dumbbells,Samsung,SAM3871,XL,Red,Direct Supplies,410.32,531.53,567.42,5.32,537.23,149,26,46,67,In Stock,Warehouse 4,BATCH7994,2025-04-06,2025-12-31,2025-06-21,2025-07-04,71,37738.63,61137.68,Seasonal Item,570.22,565.52,566.31,568.42
,HP Bluetooth Speaker,Historical Demand,Population Density,Consumer Behavior,Electronics,Bluetooth Speaker,HP,HP8826,Small,Red,Direct Supplies,452.75,644.82,783.26,20.18,625.2,100,48,96,66,In Stock,Warehouse 5,BATCH5932,2025-04-23,2026-02-04,2025-04-27,2025-06-27,66,42558.12,45275,Best Seller,781.36,780.56,781.51,780.36
,Dell Marker,Supply Disruption,Age,Market Trends,Stationery,Marker,Dell,DEL6299,Medium,Red,Retail Hub,220.91,280.31,296.25,8.83,270.09,411,15,47,73,In Stock,Warehouse 4,BATCH8318,2025-05-02,2026-03-28,2025-06-12,2025-06-13,254,71198.74,90794.01,Limited Stock,299.35,298.25,299.7,293.8
,Nike File Folder,Market Trends,Purchasing Power,Supply Disruption,Stationery,File Folder,Nike,NIK2171,Small,Pink,Global Traders,363.02,603.02,649.96,5.3,615.51,182,47,73,99,In Stock,Warehouse 1,BATCH3950,2024-09-23,2025-08-17,2025-04-21,2025-06-14,151,91056.02,66069.64,Clearance,651.96,647.96,651.41,647.96
,Nike File Folder,Weather & Seasons,Govt Laws,Age,Stationery,File Folder,Nike,NIK7549,Medium,White,Brand Distributors,263,405.96,466.47,13.03,405.69,449,45,62,21,In Stock,Warehouse 1,BATCH9803,2024-09-27,2025-04-10,2025-06-20,2025-06-13,260,105549.6,118087,New Arrival,465.47,467.67,468.37,465.27
,Maybelline Puzzle,Tax,Market Trends,Consumer Behavior,Toys & Games,Puzzle,Maybelline,MAY7556,Small,Green,Wholesale Mart,37.49,59.27,65.3,26.08,48.27,366,20,61,49,In Stock,Warehouse 4,BATCH5609,2024-11-29,2025-06-17,2025-05-07,2025-06-16,129,7645.83,13721.34,Limited Stock,67.4,64.3,63.85,64
,Puma T-shirt,Age,Market Trends,Purchasing Power,Fashion,T-shirt,Puma,PUM8919,Large,White,Global Traders,80.69,115.46,122.57,11.81,108.09,143,20,24,52,In Stock,Warehouse 5,BATCH1078,2024-07-11,2025-03-23,2025-07-08,2025-06-19,12,1385.52,11538.67,New Arrival,121.07,124.07,125.02,120.87
,LG Jacket,Govt Laws,Weather & Seasons,Consumer Behavior,Fashion,Jacket,LG,LG3496,Medium,White,Direct Supplies,48.79,64.12,79.08,24.09,60.03,198,46,87,62,In Stock,Warehouse 1,BATCH3486,2024-09-11,2025-08-12,2025-06-25,2025-06-11,56,3590.72,9660.42,Clearance,76.88,80.88,77.97,80.08
,LG Conditioner,Govt Laws,Market Trends,Competitors,Beauty & Personal Care,Conditioner,LG,LG1322,One Size,White,Retail Hub,189.84,269.72,292.79,28.82,208.41,71,36,61,21,In Stock,Warehouse 5,BATCH9088,2024-11-13,2025-07-21,2025-05-02,2025-06-13,22,5933.84,13478.64,Seasonal Item,295.59,290.89,291.04,289.89
,Nike Stapler,Market Trends,Weather & Seasons,Govt Laws,Stationery,Stapler,Nike,NIK3429,XL,Pink,Direct Supplies,169.32,259.14,289.53,19.02,234.46,371,18,29,26,In Stock,Warehouse 3,BATCH6894,2025-03-19,2025-11-04,2025-05-13,2025-07-01,88,22804.32,62817.72,Best Seller,287.63,286.83,292.98,287.08
,Apple Camping Tent,Festivals,Weather & Seasons,Consumer Behavior,Sports & Outdoors,Camping Tent,Apple,APP3876,XL,Grey,Retail Hub,472.15,560.63,656.18,23.46,502.24,463,36,39,22,In Stock,Warehouse 5,BATCH8527,2025-04-17,2026-01-19,2025-04-10,2025-06-20,323,181083.49,218605.45,Seasonal Item,659.28,658.18,657.63,654.18
,Samsung Jacket,Consumer Behavior,Govt Laws,Market Trends,Fashion,Jacket,Samsung,SAM2848,Large,Red,Direct Supplies,387.06,541.3,673.54,18.07,551.83,63,41,87,62,In Stock,Warehouse 3,BATCH1949,2025-03-29,2025-10-28,2025-05-06,2025-06-14,35,18945.5,24384.78,Seasonal Item,675.54,671.54,675.44,672.34
,Puma Smartwatch,Tax,Consumer Behavior,Festivals,Electronics,Smartwatch,Puma,PUM3289,Large,Red,Direct Supplies,50.09,74.96,81.47,11.32,72.25,222,28,30,84,In Stock,Warehouse 1,BATCH1913,2024-10-06,2025-08-21,2025-06-30,2025-06-30,194,14542.24,11119.98,Best Seller,80.47,82.67,80.02,80.17
,Dell RC Car,Raw Material,Gender,Purchasing Power,Toys & Games,RC Car,Dell,DEL6086,XL,Blue,Global Traders,229.02,287.05,352.64,20.23,281.3,55,50,60,92,In Stock,Warehouse 4,BATCH7611,2024-09-23,2025-06-09,2025-05-23,2025-07-05,10,2870.5,12596.1,Best Seller,354.74,351.64,355.09,350.94
,Maybelline Jacket,Events,Purchasing Power,Consumer Behavior,Fashion,Jacket,Maybelline,MAY3161,One Size,Pink,Global Traders,418.29,449.67,505.47,25.64,375.87,419,41,63,86,In Stock,Warehouse 3,BATCH7807,2024-08-31,2025-06-14,2025-04-24,2025-06-26,109,49014.03,175263.51,Clearance,503.97,506.97,504.36,506.47
,Samsung Jeans,Gender,Competitors,Tax,Fashion,Jeans,Samsung,SAM3522,One Size,White,Global Traders,433.31,518.25,548.04,5.99,515.21,371,14,19,68,In Stock,Warehouse 2,BATCH3157,2024-08-21,2025-06-05,2025-06-16,2025-06-14,244,126453,160758.01,Best Seller,545.84,549.84,546.29,545.14
,Revlon Marker,Historical Demand,Festivals,Purchasing Power,Stationery,Marker,Revlon,REV9063,Medium,Blue,Global Traders,409.94,567.78,654.78,6.31,613.46,132,26,59,96,In Stock,Warehouse 4,BATCH2068,2025-02-05,2025-10-03,2025-06-01,2025-07-03,33,18736.74,54112.08,Clearance,657.58,652.88,658.23,652.33
,HP Stapler,Competitors,Gender,Age,Stationery,Stapler,HP,HP1881,Large,Yellow,Brand Distributors,172.11,257.24,307.56,19.21,248.48,266,8,30,81,In Stock,Warehouse 1,BATCH1464,2025-03-05,2025-09-10,2025-05-19,2025-07-02,82,21093.68,45781.26,Seasonal Item,305.66,304.86,309.01,305.56
,Maybelline T-shirt,Tax,Purchasing Power,Population Density,Fashion,T-shirt,Maybelline,MAY1073,XL,Yellow,Retail Hub,435.99,537.56,669.83,8.74,611.29,221,22,24,31,In Stock,Warehouse 2,BATCH5267,2024-11-27,2025-06-14,2025-06-27,2025-06-22,151,81171.56,96353.79,New Arrival,672.93,671.83,671.73,668.63
,HP Smartphone,Weather & Seasons,Govt Laws,New Launches,Electronics,Smartphone,HP,HP8893,One Size,Grey,Brand Distributors,127.78,172.77,208.94,26.48,153.61,438,43,51,31,In Stock,Warehouse 1,BATCH3348,2024-09-28,2025-05-15,2025-05-18,2025-06-21,50,8638.5,55967.64,Clearance,210.94,206.94,207.49,207.64
,Dell Yoga Mat,Supply Disruption,Tax,Market Trends,Sports & Outdoors,Yoga Mat,Dell,DEL8469,Medium,White,Retail Hub,203.57,238.9,279.24,15.25,236.66,332,30,37,33,In Stock,Warehouse 5,BATCH7397,2025-04-27,2026-02-18,2025-05-19,2025-06-18,89,21262.1,67585.24,Seasonal Item,278.24,280.44,281.69,277.54
,Samsung Stapler,Events,Festivals,New Launches,Stationery,Stapler,Samsung,SAM4497,Small,Grey,Wholesale Mart,127.21,146.41,181.04,14.58,154.64,213,44,55,36,In Stock,Warehouse 3,BATCH4910,2025-04-09,2025-12-09,2025-05-13,2025-06-19,49,7174.09,27095.73,Limited Stock,183.14,180.04,179.93,182.04
,Adidas File Folder,Tax,Raw Material,Festivals,Stationery,File Folder,Adidas,ADI3839,XL,Grey,Wholesale Mart,308.94,419.68,470.6,11.24,417.7,382,13,56,67,In Stock,Warehouse 2,BATCH1188,2024-09-08,2025-03-30,2025-06-10,2025-06-23,171,71765.28,118015.08,New Arrival,469.1,472.1,468.85,467.7
,Apple Vacuum Cleaner,Govt Laws,Festivals,Weather & Seasons,Home Appliances,Vacuum Cleaner,Apple,APP4749,XL,Blue,Brand Distributors,238.78,319.85,339.3,25.54,252.64,92,37,42,34,In Stock,Warehouse 3,BATCH8659,2024-12-16,2025-07-30,2025-06-21,2025-06-22,29,9275.65,21967.76,Clearance,337.1,341.1,342.75,336.85
,Maybelline Puzzle,Purchasing Power,Supply Disruption,Age,Toys & Games,Puzzle,Maybelline,MAY3595,One Size,White,Wholesale Mart,215.33,292.07,365,13.98,313.97,371,26,65,20,In Stock,Warehouse 5,BATCH1659,2024-07-23,2025-04-08,2025-04-23,2025-06-20,45,13143.15,79887.43,Limited Stock,367.8,363.1,366.45,363
,Adidas Refrigerator,Weather & Seasons,Supply Disruption,Events,Home Appliances,Refrigerator,Adidas,ADI5893,One Size,Red,Wholesale Mart,342.98,361.79,447.79,25.19,334.99,322,42,82,88,In Stock,Warehouse 2,BATCH6924,2025-02-05,2025-09-13,2025-05-26,2025-06-15,310,112154.9,110439.56,Limited Stock,445.89,445.09,449.69,446.59
,Revlon T-shirt,Population Density,Events,Festivals,Fashion,T-shirt,Revlon,REV4050,One Size,Yellow,Global Traders,46.59,57.09,63.04,8.24,57.85,141,27,77,29,In Stock,Warehouse 4,BATCH5437,2024-08-02,2025-05-27,2025-04-27,2025-07-01,96,5480.64,6569.19,New Arrival,66.14,65.04,61.59,61.74
,Nike Action Figure,Competitors,Events,Gender,Toys & Games,Action Figure,Nike,NIK7963,Large,Pink,Wholesale Mart,333.3,432.57,487.72,26.55,358.23,158,30,58,47,In Stock,Warehouse 3,BATCH1816,2024-10-18,2025-06-11,2025-04-29,2025-07-02,130,56234.1,52661.4,Seasonal Item,489.72,485.72,490.17,486.02
,Sony Bluetooth Speaker,Purchasing Power,Events,Historical Demand,Electronics,Bluetooth Speaker,Sony,SON3407,Large,Black,Global Traders,356.79,512.25,568.18,10.16,510.45,463,47,89,36,In Stock,Warehouse 2,BATCH1346,2024-10-05,2025-09-26,2025-04-19,2025-06-23,315,161358.75,165193.77,Seasonal Item,567.18,569.38,567.07,569.18
,Apple Puzzle,Festivals,Supply Disruption,Historical Demand,Toys & Games,Puzzle,Apple,APP1010,XL,Yellow,Wholesale Mart,411.44,493.33,608.72,29.29,430.43,61,47,89,28,In Stock,Warehouse 5,BATCH1054,2025-01-14,2025-09-23,2025-06-29,2025-06-11,4,1973.32,25097.84,Seasonal Item,610.82,607.72,606.97,605.82
,Sony Dress,Festivals,Tax,Supply Disruption,Fashion,Dress,Sony,SON5831,XL,Red,Direct Supplies,428.49,612.81,677.81,27.15,493.78,113,6,9,83,In Stock,Warehouse 3,BATCH9792,2024-10-14,2025-09-04,2025-05-29,2025-06-15,63,38607.03,48419.37,Seasonal Item,676.31,679.31,681.26,675.36
,Nike Stapler,Govt Laws,Festivals,Consumer Behavior,Stationery,Stapler,Nike,NIK2149,Large,Green,Direct Supplies,186.97,264.5,312.32,26.96,228.12,418,26,65,82,In Stock,Warehouse 5,BATCH7667,2025-05-03,2025-12-22,2025-06-02,2025-06-12,106,28037,78153.46,Seasonal Item,310.12,314.12,313.77,310.32
,Revlon Bluetooth Speaker,Age,Purchasing Power,Population Density,Electronics,Bluetooth Speaker,Revlon,REV6826,Large,Blue,Wholesale Mart,209.68,278.71,310.19,22.66,239.9,127,36,54,63,In Stock,Warehouse 1,BATCH6065,2025-03-31,2026-02-23,2025-05-29,2025-06-25,63,17558.73,26629.36,Limited Stock,312.99,308.29,312.09,308.99
,Apple Football,Consumer Behavior,Tax,Festivals,Sports & Outdoors,Football,Apple,APP9192,Small,Red,Wholesale Mart,83.16,124.18,142.69,22.75,110.23,200,37,69,89,In Stock,Warehouse 5,BATCH3539,2025-02-03,2025-10-28,2025-05-19,2025-06-28,12,1490.16,16632,Seasonal Item,140.79,139.99,141.24,141.39
,Sony File Folder,Festivals,Govt Laws,Weather & Seasons,Stationery,File Folder,Sony,SON8061,Small,Red,Direct Supplies,481.23,589.66,644.92,27.89,465.05,121,47,82,37,In Stock,Warehouse 3,BATCH7746,2025-02-03,2025-12-13,2025-05-06,2025-07-06,90,53069.4,58228.83,Seasonal Item,648.02,646.92,647.37,643.22
,HP Doll,Population Density,Raw Material,Age,Toys & Games,Doll,HP,HP3843,XL,Black,Global Traders,378.23,554.02,586.67,5.08,556.87,362,50,100,46,In Stock,Warehouse 3,BATCH7282,2024-07-15,2025-06-12,2025-06-24,2025-07-04,263,145707.26,136919.26,Seasonal Item,588.67,584.67,585.56,587.67
,Samsung File Folder,Weather & Seasons,Gender,Age,Stationery,File Folder,Samsung,SAM5262,Medium,Grey,Brand Distributors,31.75,40.26,47.56,27.13,34.66,100,43,60,93,In Stock,Warehouse 1,BATCH2532,2025-06-09,2026-05-14,2025-06-12,2025-06-25,39,1570.14,3175,New Arrival,46.56,48.76,45.81,44.66
,Apple RC Car,Age,Supply Disruption,Market Trends,Toys & Games,RC Car,Apple,APP1861,One Size,Grey,Wholesale Mart,374.29,553.52,621.39,14.94,528.55,260,22,25,97,In Stock,Warehouse 3,BATCH8667,2024-08-08,2025-03-03,2025-06-03,2025-07-07,76,42067.52,97315.4,Limited Stock,623.49,620.39,624.84,618.94
,Maybelline Face Cream,Competitors,Purchasing Power,Tax,Beauty & Personal Care,Face Cream,Maybelline,MAY8844,Small,Blue,Direct Supplies,112.72,171.23,199.78,21.34,157.15,239,16,38,98,In Stock,Warehouse 5,BATCH8497,2025-02-18,2025-10-11,2025-07-02,2025-06-13,177,30307.71,26940.08,Best Seller,198.28,201.28,201.23,197.78
,Revlon Laptop,Consumer Behavior,Market Trends,Weather & Seasons,Electronics,Laptop,Revlon,REV2751,XL,White,Global Traders,284.54,308.07,360.7,7.23,334.62,443,38,61,68,In Stock,Warehouse 3,BATCH6904,2025-03-13,2026-02-07,2025-06-05,2025-06-19,380,117066.6,126051.22,Seasonal Item,358.5,362.5,362.6,359.5
,Revlon Dress,Tax,Consumer Behavior,Purchasing Power,Fashion,Dress,Revlon,REV6988,Medium,White,Brand Distributors,88.59,144.05,154.02,12.69,134.47,301,14,34,76,In Stock,Warehouse 1,BATCH1410,2024-12-30,2025-10-23,2025-06-23,2025-07-07,191,27513.55,26665.59,Seasonal Item,156.82,152.12,152.57,152.72
,HP Laptop,Raw Material,New Launches,Festivals,Electronics,Laptop,HP,HP7228,One Size,Pink,Brand Distributors,417.22,493.7,591.02,21.36,464.78,144,47,60,53,In Stock,Warehouse 3,BATCH5430,2024-11-22,2025-09-23,2025-05-19,2025-07-03,60,29622,60079.68,New Arrival,589.12,588.32,593.47,589.32
,Nike Face Cream,Tax,Purchasing Power,Competitors,Beauty & Personal Care,Face Cream,Nike,NIK7479,Small,Pink,Global Traders,487.77,585.55,674.29,17.46,556.56,157,26,50,60,In Stock,Warehouse 3,BATCH4032,2025-01-26,2025-08-10,2025-06-23,2025-06-26,105,61482.75,76579.89,Best Seller,677.39,676.29,673.18,675.29
,Maybelline Puzzle,Population Density,Festivals,Tax,Toys & Games,Puzzle,Maybelline,MAY7854,Large,Grey,Direct Supplies,410.68,452.44,521.32,23.6,398.29,404,22,60,55,In Stock,Warehouse 2,BATCH3990,2024-09-27,2025-05-08,2025-04-13,2025-06-21,57,25789.08,165914.72,Clearance,523.32,519.32,519.57,518.42
,Sony File Folder,Population Density,Festivals,Market Trends,Stationery,File Folder,Sony,SON5815,Large,Red,Wholesale Mart,356.99,384.18,455.06,26.08,336.38,393,9,22,57,In Stock,Warehouse 1,BATCH6072,2025-01-08,2025-09-26,2025-06-15,2025-07-01,255,97965.9,140297.07,New Arrival,454.06,456.26,458.51,452.61
,Nike Air Conditioner,Events,Supply Disruption,Consumer Behavior,Home Appliances,Air Conditioner,Nike,NIK5995,Medium,Red,Wholesale Mart,345.52,500.75,611.9,7.99,563.01,194,44,77,66,In Stock,Warehouse 2,BATCH8901,2024-08-09,2025-08-04,2025-06-05,2025-06-19,13,6509.75,67030.88,New Arrival,614,610.9,613.35,609.9
,Adidas Stapler,New Launches,Events,Competitors,Stationery,Stapler,Adidas,ADI4342,XL,Pink,Brand Distributors,334.59,388.76,417.35,11.01,371.4,185,12,26,40,In Stock,Warehouse 1,BATCH6468,2025-04-27,2026-02-28,2025-04-24,2025-07-08,104,40431.04,61899.15,Best Seller,415.85,418.85,419.25,416.15
,Revlon RC Car,New Launches,Historical Demand,Events,Toys & Games,RC Car,Revlon,REV7337,Medium,Grey,Brand Distributors,403.75,513.42,615.59,22.81,475.17,495,43,73,36,In Stock,Warehouse 5,BATCH4491,2025-03-22,2026-02-23,2025-05-17,2025-06-18,227,116546.34,199856.25,Clearance,613.39,617.39,614.14,614.29
,Maybelline Lipstick,Events,Historical Demand,Gender,Beauty & Personal Care,Lipstick,Maybelline,MAY9080,Small,Black,Direct Supplies,118.6,122.47,148.77,6.02,139.81,490,12,61,55,In Stock,Warehouse 5,BATCH6811,2025-01-19,2025-07-29,2025-04-22,2025-07-05,214,26208.58,58114,New Arrival,151.57,146.87,151.22,147.07
,Samsung Yoga Mat,Population Density,Historical Demand,Raw Material,Sports & Outdoors,Yoga Mat,Samsung,SAM9032,One Size,Yellow,Global Traders,27.13,26.95,32.85,18.39,26.81,407,18,58,38,In Stock,Warehouse 3,BATCH6472,2024-10-23,2025-09-11,2025-06-28,2025-07-05,341,9189.95,11041.91,Limited Stock,30.95,30.15,31.74,33.85
,Puma Puzzle,Supply Disruption,Age,Consumer Behavior,Toys & Games,Puzzle,Puma,PUM3922,Large,Red,Direct Supplies,248.31,281.14,329.2,5.21,312.05,387,14,52,21,In Stock,Warehouse 2,BATCH3726,2024-07-14,2025-07-10,2025-05-25,2025-06-22,383,107676.62,96095.97,Seasonal Item,332.3,331.2,327.45,326.3
,LG Face Cream,Competitors,Gender,Purchasing Power,Beauty & Personal Care,Face Cream,LG,LG3802,One Size,Pink,Retail Hub,121.7,199.57,211.33,21.96,164.92,254,31,61,50,In Stock,Warehouse 4,BATCH3615,2024-08-10,2025-03-25,2025-06-08,2025-06-23,56,11175.92,30911.8,Limited Stock,213.33,209.33,214.78,208.88
,Revlon Washing Machine,Population Density,Gender,Tax,Home Appliances,Washing Machine,Revlon,REV8667,Small,White,Brand Distributors,88.04,137.88,154.68,29.83,108.54,492,26,59,36,In Stock,Warehouse 2,BATCH1775,2025-04-16,2025-12-03,2025-05-29,2025-06-11,394,54324.72,43315.68,Clearance,153.68,155.88,156.13,152.68
,LG Marker,Population Density,Historical Demand,Govt Laws,Stationery,Marker,LG,LG6264,One Size,Grey,Retail Hub,492.27,743.81,808.12,19.16,653.28,333,45,46,32,In Stock,Warehouse 1,BATCH1437,2024-09-29,2025-09-27,2025-05-26,2025-06-18,203,150993.43,163925.91,Clearance,810.22,807.12,810.02,806.92
,HP Notebook,Market Trends,Events,Supply Disruption,Stationery,Notebook,HP,HP1069,Medium,White,Direct Supplies,185.4,273.84,331.77,27.98,238.94,405,13,18,72,In Stock,Warehouse 4,BATCH7016,2025-03-02,2025-11-17,2025-06-28,2025-06-19,55,15061.2,75087,Clearance,330.27,333.27,330.32,330.47
,Maybelline Notebook,Purchasing Power,Supply Disruption,Tax,Stationery,Notebook,Maybelline,MAY3160,Medium,Blue,Direct Supplies,288.48,454.4,498.76,18.44,406.79,319,31,71,27,In Stock,Warehouse 4,BATCH9454,2024-11-25,2025-10-01,2025-06-20,2025-06-19,168,76339.2,92025.12,Limited Stock,496.56,500.56,501.21,497.06
,Adidas Conditioner,Historical Demand,Consumer Behavior,Competitors,Beauty & Personal Care,Conditioner,Adidas,ADI2409,XL,Grey,Direct Supplies,461.75,521.6,612,6.75,570.69,113,44,85,97,In Stock,Warehouse 5,BATCH1330,2025-01-04,2025-11-21,2025-05-20,2025-06-14,36,18777.6,52177.75,Best Seller,614.8,610.1,610.89,613
,HP T-shirt,Gender,Raw Material,Supply Disruption,Fashion,T-shirt,HP,HP5151,XL,Green,Direct Supplies,137.22,197.21,246.41,24.98,184.86,114,11,49,91,In Stock,Warehouse 4,BATCH9354,2024-12-20,2025-07-22,2025-06-17,2025-07-07,6,1183.26,15643.08,Limited Stock,244.51,243.71,244.66,243.51
,Maybelline Shampoo,Purchasing Power,Age,Supply Disruption,Beauty & Personal Care,Shampoo,Maybelline,MAY7606,One Size,Black,Brand Distributors,273.93,329.11,389.8,27.01,284.52,329,16,33,81,In Stock,Warehouse 2,BATCH5021,2024-07-09,2025-04-27,2025-04-16,2025-06-14,70,23037.7,90122.97,Limited Stock,392.9,391.8,393.25,387.35
,Puma Dress,Festivals,Market Trends,Gender,Fashion,Dress,Puma,PUM2104,Medium,Pink,Retail Hub,431.61,468.86,522.51,17.66,430.23,59,38,46,48,In Stock,Warehouse 2,BATCH3905,2025-01-19,2025-10-13,2025-04-24,2025-06-09,48,22505.28,25464.99,New Arrival,524.51,520.51,523.96,520.51
,Revlon Shampoo,Gender,Market Trends,Historical Demand,Beauty & Personal Care,Shampoo,Revlon,REV2978,Large,Grey,Brand Distributors,261.23,349.17,416.48,13.03,362.21,478,24,47,29,In Stock,Warehouse 5,BATCH6034,2024-11-24,2025-08-25,2025-04-28,2025-06-23,390,136176.3,124867.94,Best Seller,415.48,417.68,418.38,415.28
,Apple Sneakers,Supply Disruption,Population Density,Events,Fashion,Sneakers,Apple,APP9148,Small,Pink,Global Traders,157.15,195.29,234.47,29.7,164.83,391,40,51,49,In Stock,Warehouse 5,BATCH1279,2025-01-17,2025-07-30,2025-06-29,2025-06-27,188,36714.52,61445.65,New Arrival,236.57,233.47,233.02,233.17
,Apple Bluetooth Speaker,Weather & Seasons,Tax,Age,Electronics,Bluetooth Speaker,Apple,APP1149,Large,Pink,Global Traders,116.01,146.22,170.64,16.49,142.5,274,13,35,55,In Stock,Warehouse 3,BATCH3268,2024-10-02,2025-05-02,2025-04-20,2025-07-07,268,39186.96,31786.74,Limited Stock,169.14,172.14,173.09,168.94
,Nike Laptop,Purchasing Power,Competitors,New Launches,Electronics,Laptop,Nike,NIK3187,XL,Green,Direct Supplies,276.67,321.05,348.33,28.9,247.66,472,10,42,30,In Stock,Warehouse 2,BATCH9697,2025-05-25,2026-01-27,2025-05-29,2025-07-06,391,125530.55,130588.24,New Arrival,346.13,350.13,347.22,349.33
,LG File Folder,Govt Laws,Tax,Raw Material,Stationery,File Folder,LG,LG3060,Small,Blue,Wholesale Mart,174.58,226.01,250.37,23.02,192.73,410,40,53,95,In Stock,Warehouse 2,BATCH5359,2025-06-06,2026-01-04,2025-05-09,2025-07-01,265,59892.65,71577.8,Best Seller,253.17,248.47,248.62,247.47
,HP Face Cream,Weather & Seasons,Historical Demand,Purchasing Power,Beauty & Personal Care,Face Cream,HP,HP7973,XL,Black,Brand Distributors,311.38,447.91,479.64,24.53,361.98,197,38,88,88,In Stock,Warehouse 2,BATCH9522,2025-04-26,2026-01-22,2025-05-02,2025-06-22,164,73457.24,61341.86,Clearance,477.74,476.94,483.09,477.19
,Samsung File Folder,New Launches,Festivals,Govt Laws,Stationery,File Folder,Samsung,SAM1419,Small,Pink,Brand Distributors,379.4,458.52,506.48,26.6,371.76,358,16,22,80,In Stock,Warehouse 1,BATCH8080,2024-11-25,2025-07-11,2025-07-08,2025-06-28,80,36681.6,135825.2,Seasonal Item,509.58,508.48,507.93,504.48
,Dell Vacuum Cleaner,Market Trends,Supply Disruption,Consumer Behavior,Home Appliances,Vacuum Cleaner,Dell,DEL9303,Small,Blue,Global Traders,268.29,308.01,352.4,17.49,290.77,16,25,26,58,Low Stock,Warehouse 4,BATCH4508,2025-02-22,2025-08-24,2025-04-27,2025-07-06,3,924.03,4292.64,Seasonal Item,354.4,350.4,354.3,351.2
,Revlon Lipstick,Events,Population Density,Competitors,Beauty & Personal Care,Lipstick,Revlon,REV7802,One Size,Yellow,Direct Supplies,477.92,574.09,667.47,28.82,475.11,291,12,14,98,In Stock,Warehouse 1,BATCH8463,2025-02-20,2025-09-06,2025-04-21,2025-07-08,167,95873.03,139074.72,Seasonal Item,666.47,668.67,666.02,666.17
,Apple Face Cream,Events,Gender,Govt Laws,Beauty & Personal Care,Face Cream,Apple,APP9516,Medium,Pink,Global Traders,411.14,510.13,587.72,12.8,512.49,164,5,26,64,In Stock,Warehouse 5,BATCH2232,2024-10-10,2025-08-27,2025-06-03,2025-06-26,36,18364.68,67426.96,Limited Stock,589.82,586.72,590.17,586.02
,Maybelline Board Game,Consumer Behavior,Raw Material,Historical Demand,Toys & Games,Board Game,Maybelline,MAY9571,Small,Grey,Retail Hub,55.32,72.96,87.51,27.35,63.58,377,12,38,25,In Stock,Warehouse 2,BATCH8796,2025-02-07,2025-10-03,2025-07-01,2025-06-28,224,16343.04,20855.64,Seasonal Item,86.01,89.01,86.4,88.51
,Nike Laptop,Population Density,Age,Events,Electronics,Laptop,Nike,NIK3159,Small,Blue,Brand Distributors,321.08,463.11,568.21,14.59,485.31,203,21,35,90,In Stock,Warehouse 5,BATCH4259,2024-12-19,2025-06-20,2025-06-22,2025-06-14,43,19913.73,65179.24,Clearance,566.01,570.01,566.46,565.31
,Dell Action Figure,Consumer Behavior,Purchasing Power,Festivals,Toys & Games,Action Figure,Dell,DEL3277,Small,Green,Retail Hub,116.54,147.46,179.23,22.42,139.05,63,33,51,28,In Stock,Warehouse 2,BATCH4759,2025-06-04,2026-03-08,2025-04-14,2025-06-20,15,2211.9,7342.02,New Arrival,182.03,177.33,182.68,176.78
,Revlon Microwave Oven,Consumer Behavior,Weather & Seasons,Events,Home Appliances,Microwave Oven,Revlon,REV4868,Small,Pink,Retail Hub,13.05,18.02,22.04,11.58,19.49,331,40,90,92,In Stock,Warehouse 5,BATCH9675,2025-05-13,2025-11-13,2025-05-28,2025-07-02,152,2739.04,4319.55,Best Seller,20.14,19.34,23.49,20.04
,Dell Conditioner,Govt Laws,Market Trends,Age,Beauty & Personal Care,Conditioner,Dell,DEL5305,One Size,Green,Global Traders,24.41,34.37,37.25,18.42,30.39,242,29,56,89,In Stock,Warehouse 4,BATCH5432,2024-10-26,2025-07-19,2025-04-13,2025-06-22,35,1202.95,5907.22,Seasonal Item,40.35,39.25,39.15,36.05
,Maybelline Conditioner,Market Trends,Tax,Population Density,Beauty & Personal Care,Conditioner,Maybelline,MAY9384,One Size,White,Global Traders,45.88,57.49,62.42,24.97,46.83,52,33,59,39,In Stock,Warehouse 5,BATCH3528,2025-05-16,2026-01-14,2025-04-13,2025-06-18,4,229.96,2385.76,Clearance,64.42,60.42,60.97,61.12
,Adidas Tennis Racket,Festivals,Competitors,Tax,Sports & Outdoors,Tennis Racket,Adidas,ADI7816,Large,White,Brand Distributors,456.25,624.89,706.68,10.2,634.6,310,25,60,75,In Stock,Warehouse 3,BATCH3411,2024-11-18,2025-08-23,2025-05-29,2025-06-21,194,121228.66,141437.5,Clearance,705.68,707.88,709.13,704.98
,Sony Camping Tent,Market Trends,Festivals,Tax,Sports & Outdoors,Camping Tent,Sony,SON6096,Small,Pink,Brand Distributors,277.3,305.37,346.56,5.87,326.22,55,36,63,97,In Stock,Warehouse 5,BATCH5167,2024-07-12,2025-06-15,2025-07-03,2025-07-01,30,9161.1,15251.5,Limited Stock,348.66,345.56,345.45,347.56
,Samsung Dumbbells,Market Trends,Weather & Seasons,New Launches,Sports & Outdoors,Dumbbells,Samsung,SAM2201,One Size,Red,Global Traders,377.45,439.7,536.64,13.59,463.71,293,48,70,50,In Stock,Warehouse 4,BATCH1302,2024-10-05,2025-05-09,2025-05-13,2025-06-22,173,76068.1,110592.85,Best Seller,535.14,538.14,534.89,533.74
,LG RC Car,Purchasing Power,Population Density,Age,Toys & Games,RC Car,LG,LG8746,Medium,Grey,Wholesale Mart,317.17,428.31,495.37,5.73,466.99,431,8,10,23,In Stock,Warehouse 1,BATCH4490,2025-01-14,2026-01-03,2025-06-21,2025-06-13,12,5139.72,136700.27,Seasonal Item,493.17,497.17,498.82,492.92
,Samsung Dumbbells,Competitors,Govt Laws,Supply Disruption,Sports & Outdoors,Dumbbells,Samsung,SAM8167,Medium,Pink,Direct Supplies,448.87,603.67,731.43,5.55,690.84,339,6,53,27,In Stock,Warehouse 2,BATCH4829,2024-10-11,2025-04-09,2025-05-25,2025-06-22,281,169631.27,152166.93,Clearance,734.23,729.53,732.88,729.43
,Revlon Doll,Age,New Launches,Supply Disruption,Toys & Games,Doll,Revlon,REV5954,Small,Blue,Brand Distributors,74.35,95.45,113.63,15.4,96.13,53,17,20,51,In Stock,Warehouse 1,BATCH4616,2024-11-04,2025-10-26,2025-04-30,2025-06-14,44,4199.8,3940.55,New Arrival,111.73,110.93,115.53,112.43
,Maybelline Jacket,Events,Consumer Behavior,Competitors,Fashion,Jacket,Maybelline,MAY7573,Large,Red,Global Traders,184.62,285.11,328.69,6.96,305.81,328,11,27,23,In Stock,Warehouse 2,BATCH8266,2025-03-15,2026-02-25,2025-07-03,2025-07-01,295,84107.45,60555.36,Limited Stock,331.79,330.69,327.24,327.39
,Dell Dumbbells,Supply Disruption,Weather & Seasons,Consumer Behavior,Sports & Outdoors,Dumbbells,Dell,DEL9898,Small,Yellow,Global Traders,438.97,566.84,693.12,8.62,633.37,185,38,41,21,In Stock,Warehouse 5,BATCH1661,2024-09-05,2025-08-28,2025-04-11,2025-06-28,72,40812.48,81209.45,Limited Stock,695.12,691.12,695.57,691.42
,Samsung Washing Machine,Supply Disruption,New Launches,Consumer Behavior,Home Appliances,Washing Machine,Samsung,SAM9266,Large,White,Direct Supplies,170.25,193.29,237.73,5.52,224.61,380,30,73,91,In Stock,Warehouse 4,BATCH7200,2024-12-14,2025-10-13,2025-06-08,2025-07-02,247,47742.63,64695,New Arrival,236.73,238.93,236.62,238.73
,Puma Refrigerator,Events,Market Trends,Historical Demand,Home Appliances,Refrigerator,Puma,PUM3093,Large,Grey,Brand Distributors,84.93,137.84,152.32,10.07,136.98,102,9,10,55,In Stock,Warehouse 2,BATCH7844,2025-04-22,2026-02-06,2025-06-29,2025-06-26,77,10613.68,8662.86,Best Seller,154.42,151.32,150.57,149.42
,Samsung Smartphone,Age,Competitors,Govt Laws,Electronics,Smartphone,Samsung,SAM8610,Small,Green,Brand Distributors,445.44,529.9,620.37,10.55,554.92,129,43,74,77,In Stock,Warehouse 4,BATCH3579,2025-02-13,2025-12-20,2025-06-19,2025-06-21,45,23845.5,57461.76,Seasonal Item,618.87,621.87,623.82,617.92
,Maybelline File Folder,Purchasing Power,Population Density,Events,Stationery,File Folder,Maybelline,MAY3027,Small,Black,Direct Supplies,363.74,519.86,645.34,12.17,566.8,268,14,60,94,In Stock,Warehouse 1,BATCH9553,2025-02-20,2025-11-28,2025-06-02,2025-07-06,197,102412.42,97482.32,Best Seller,643.14,647.14,646.79,643.34
,HP File Folder,Market Trends,Weather & Seasons,Competitors,Stationery,File Folder,HP,HP3993,One Size,Black,Retail Hub,220.09,265.22,320.9,7.32,297.41,206,30,73,29,In Stock,Warehouse 2,BATCH7143,2024-12-24,2025-11-29,2025-04-28,2025-07-02,92,24400.24,45338.54,Clearance,323.7,319,322.8,319.7
,Nike Yoga Mat,Age,Consumer Behavior,Purchasing Power,Sports & Outdoors,Yoga Mat,Nike,NIK5079,Large,Blue,Retail Hub,378.99,404.31,459.19,6.41,429.76,98,10,52,23,In Stock,Warehouse 3,BATCH5927,2025-04-11,2026-01-24,2025-06-18,2025-06-25,36,14555.16,37141.02,Limited Stock,457.29,456.49,457.74,457.89
,Sony Microwave Oven,Historical Demand,Weather & Seasons,Tax,Home Appliances,Microwave Oven,Sony,SON7028,XL,Red,Direct Supplies,331.9,366.43,432.37,5.88,406.95,400,20,23,39,In Stock,Warehouse 1,BATCH6860,2024-07-12,2025-06-12,2025-06-27,2025-06-28,107,39208.01,132760,Limited Stock,435.47,434.37,434.82,430.67
,Dell RC Car,Supply Disruption,Population Density,Age,Toys & Games,RC Car,Dell,DEL6247,Small,Red,Retail Hub,407.62,641.42,707.69,28.84,503.59,33,47,89,27,Low Stock,Warehouse 4,BATCH6076,2024-08-30,2025-07-11,2025-05-16,2025-06-10,31,19884.02,13451.46,Clearance,709.69,705.69,706.58,708.69
,LG Dress,Weather & Seasons,New Launches,Market Trends,Fashion,Dress,LG,LG9510,One Size,Blue,Global Traders,345.96,504.99,620.35,24,471.47,266,9,11,70,In Stock,Warehouse 4,BATCH6945,2024-12-01,2025-07-19,2025-05-07,2025-06-10,108,54538.92,92025.36,Seasonal Item,619.35,621.55,618.6,617.45
,Adidas Puzzle,Age,Historical Demand,Tax,Toys & Games,Puzzle,Adidas,ADI1911,Small,Black,Global Traders,432.23,537.97,573.72,14.82,488.69,223,33,50,30,In Stock,Warehouse 1,BATCH4289,2025-04-18,2026-02-26,2025-06-10,2025-06-26,162,87151.14,96387.29,New Arrival,575.82,572.72,577.17,571.27
,Sony Perfume,Festivals,Historical Demand,New Launches,Beauty & Personal Care,Perfume,Sony,SON6741,Small,White,Retail Hub,205.34,232.62,256.5,19.08,207.56,395,31,45,75,In Stock,Warehouse 3,BATCH2459,2025-03-01,2025-11-07,2025-07-02,2025-07-05,259,60248.58,81109.3,New Arrival,255,258,257.95,254.5
,Dell Puzzle,Events,Purchasing Power,Historical Demand,Toys & Games,Puzzle,Dell,DEL3816,Large,Blue,Retail Hub,121.94,134.47,160.95,13.1,139.87,309,50,81,67,In Stock,Warehouse 5,BATCH5386,2024-08-27,2025-03-11,2025-04-30,2025-06-24,251,33751.97,37679.46,Best Seller,158.75,162.75,162.85,159.75
,Maybelline Notebook,Purchasing Power,Age,Govt Laws,Stationery,Notebook,Maybelline,MAY5147,XL,Pink,Brand Distributors,302.56,331.81,392.71,20.12,313.7,334,8,58,64,In Stock,Warehouse 5,BATCH4977,2025-05-11,2026-03-21,2025-04-14,2025-06-16,24,7963.44,101055.04,Best Seller,395.51,390.81,391.26,391.41
,Puma Marker,Festivals,Historical Demand,Market Trends,Stationery,Marker,Puma,PUM3302,Medium,Yellow,Wholesale Mart,36.11,50.84,59.27,11.69,52.34,22,33,73,93,Low Stock,Warehouse 4,BATCH9600,2024-09-01,2025-03-18,2025-04-18,2025-06-22,4,203.36,794.42,New Arrival,57.37,56.57,61.72,57.57
,Adidas Microwave Oven,Market Trends,Purchasing Power,Supply Disruption,Home Appliances,Microwave Oven,Adidas,ADI9731,Small,Blue,Wholesale Mart,34.61,44.43,51.82,10.34,46.46,361,14,18,65,In Stock,Warehouse 3,BATCH6496,2024-10-25,2025-06-24,2025-05-12,2025-06-20,326,14484.18,12494.21,Seasonal Item,54.92,53.82,50.71,52.82
,Nike Face Cream,Govt Laws,Market Trends,Weather & Seasons,Beauty & Personal Care,Face Cream,Nike,NIK7651,Small,Black,Retail Hub,227.76,328.96,406.76,10.6,363.64,420,21,64,72,In Stock,Warehouse 4,BATCH1436,2025-03-25,2025-10-27,2025-06-03,2025-07-05,374,123031.04,95659.2,Limited Stock,408.76,404.76,405.01,403.86
,Puma Stapler,Events,Purchasing Power,Consumer Behavior,Stationery,Stapler,Puma,PUM4068,Small,Blue,Direct Supplies,448.33,721.86,798.75,14.94,679.42,474,10,32,35,In Stock,Warehouse 1,BATCH5158,2024-08-28,2025-07-27,2025-04-21,2025-06-21,51,36814.86,212508.42,Best Seller,797.75,799.95,802.2,796.3
,LG Smartwatch,Raw Material,Supply Disruption,Competitors,Electronics,Smartwatch,LG,LG6102,XL,Blue,Global Traders,480.17,679.22,758.29,10.35,679.81,214,34,59,60,In Stock,Warehouse 3,BATCH9227,2024-10-31,2025-06-18,2025-06-26,2025-07-02,31,21055.82,102756.38,Seasonal Item,760.39,757.29,759.74,756.29
,Samsung Marker,Festivals,Competitors,Raw Material,Stationery,Marker,Samsung,SAM4884,Small,Grey,Global Traders,137.36,192.05,221.95,24.79,166.93,179,9,14,95,In Stock,Warehouse 3,BATCH1742,2024-12-14,2025-11-20,2025-06-04,2025-06-10,25,4801.25,24587.44,Limited Stock,220.45,223.45,223.85,220.75
,Samsung Face Cream,Gender,Population Density,Supply Disruption,Beauty & Personal Care,Face Cream,Samsung,SAM8701,Small,Black,Global Traders,371.77,509.47,569.57,8.51,521.1,58,39,73,87,In Stock,Warehouse 5,BATCH2886,2025-05-17,2025-11-16,2025-05-09,2025-07-07,43,21907.21,21562.66,New Arrival,567.37,571.37,568.12,568.27
,Revlon File Folder,Events,Govt Laws,Consumer Behavior,Stationery,File Folder,Revlon,REV8358,Large,Pink,Global Traders,45.75,65.15,78.61,10.73,70.18,341,11,32,53,In Stock,Warehouse 2,BATCH4226,2024-11-18,2025-10-30,2025-05-31,2025-06-24,311,20261.65,15600.75,Best Seller,81.41,76.71,81.06,76.91
,Apple Notebook,Tax,Consumer Behavior,Gender,Stationery,Notebook,Apple,APP3999,XL,Blue,Wholesale Mart,59.26,78.57,90.78,24.38,68.65,485,5,54,34,In Stock,Warehouse 2,BATCH8828,2024-12-15,2025-11-12,2025-07-04,2025-06-10,7,549.99,28741.1,Best Seller,88.88,88.08,89.67,91.78
,Apple Perfume,Market Trends,Govt Laws,Purchasing Power,Beauty & Personal Care,Perfume,Apple,APP3593,Small,Black,Direct Supplies,313.19,364.62,406.8,25.22,304.21,165,7,14,32,In Stock,Warehouse 3,BATCH7142,2025-04-24,2025-11-08,2025-05-28,2025-07-06,127,46306.74,51676.35,Clearance,409.9,408.8,405.05,403.9
,Nike Microwave Oven,Tax,Consumer Behavior,Historical Demand,Home Appliances,Microwave Oven,Nike,NIK3033,Medium,Blue,Direct Supplies,260.58,384.41,438.16,19.28,353.68,320,21,26,38,In Stock,Warehouse 4,BATCH9139,2024-07-15,2025-07-03,2025-05-29,2025-07-01,68,26139.88,83385.6,Clearance,440.16,436.16,441.61,435.71
,Nike Board Game,Tax,Population Density,Raw Material,Toys & Games,Board Game,Nike,NIK6608,Medium,White,Direct Supplies,74.33,83.39,102.79,17.03,85.28,358,50,78,39,In Stock,Warehouse 4,BATCH7104,2025-04-28,2026-01-15,2025-06-27,2025-06-23,104,8672.56,26610.14,Limited Stock,101.79,103.99,104.24,100.79
,Dell RC Car,Gender,Age,Festivals,Toys & Games,RC Car,Dell,DEL6507,XL,Blue,Global Traders,166.11,216.49,251.17,13.41,217.49,422,31,68,28,In Stock,Warehouse 5,BATCH1510,2025-05-27,2026-02-23,2025-04-12,2025-06-12,269,58235.81,70098.42,Seasonal Item,253.27,250.17,253.07,249.97
,Samsung Dress,Consumer Behavior,Govt Laws,Events,Fashion,Dress,Samsung,SAM7897,XL,Black,Wholesale Mart,231.92,274.89,315.77,5.91,297.11,224,16,56,43,In Stock,Warehouse 3,BATCH6817,2025-05-03,2026-03-20,2025-07-06,2025-06-11,195,53603.55,51950.08,Best Seller,314.27,317.27,314.32,314.47
,Sony Doll,Weather & Seasons,Supply Disruption,Competitors,Toys & Games,Doll,Sony,SON9137,Large,White,Wholesale Mart,298.39,446.11,514.28,10.56,459.97,208,27,52,78,In Stock,Warehouse 3,BATCH2583,2025-05-04,2026-03-15,2025-06-18,2025-06-21,97,43272.67,62065.12,Clearance,512.08,516.08,516.73,512.58
,Maybelline Dumbbells,Weather & Seasons,New Launches,Competitors,Sports & Outdoors,Dumbbells,Maybelline,MAY7080,Small,Blue,Brand Distributors,397.36,441.32,489.81,20.31,390.33,403,43,77,39,In Stock,Warehouse 1,BATCH6120,2024-09-16,2025-06-07,2025-04-24,2025-06-25,239,105475.48,160136.08,Best Seller,492.61,487.91,488.7,490.81
,Nike Action Figure,Festivals,Govt Laws,Weather & Seasons,Toys & Games,Action Figure,Nike,NIK9780,XL,White,Wholesale Mart,46.29,47.78,56.91,11.26,50.5,383,42,89,47,In Stock,Warehouse 3,BATCH2646,2025-05-01,2026-04-19,2025-06-29,2025-06-30,316,15098.48,17729.07,New Arrival,55.01,54.21,55.16,54.01
,Revlon Microwave Oven,Supply Disruption,Weather & Seasons,Govt Laws,Home Appliances,Microwave Oven,Revlon,REV1796,Small,Grey,Retail Hub,138.17,178.75,215.25,12.21,188.97,212,13,39,100,In Stock,Warehouse 4,BATCH2925,2025-06-06,2026-01-28,2025-06-13,2025-07-01,37,6613.75,29292.04,Limited Stock,218.35,217.25,218.7,212.8
,HP Jacket,Competitors,Market Trends,Weather & Seasons,Fashion,Jacket,HP,HP3797,XL,Grey,Global Traders,159.84,220.17,255.33,7.51,236.15,26,13,24,81,In Stock,Warehouse 5,BATCH9706,2024-10-22,2025-06-23,2025-06-17,2025-06-26,6,1321.02,4155.84,Best Seller,257.33,253.33,256.78,253.33
,Adidas Tennis Racket,Historical Demand,Market Trends,Age,Sports & Outdoors,Tennis Racket,Adidas,ADI5613,XL,White,Brand Distributors,295.1,469.52,512.57,14.86,436.4,487,5,21,39,In Stock,Warehouse 5,BATCH8737,2024-12-19,2025-11-09,2025-05-14,2025-06-11,99,46482.48,143713.7,New Arrival,511.57,513.77,514.47,511.37
,Revlon Jacket,Gender,Festivals,Purchasing Power,Fashion,Jacket,Revlon,REV4572,Large,White,Global Traders,399.74,575.35,693.76,10.87,618.35,257,25,51,50,In Stock,Warehouse 3,BATCH7934,2024-11-02,2025-06-16,2025-06-13,2025-07-03,159,91480.65,102733.18,Clearance,695.86,692.76,692.31,692.46
,Dell Football,Gender,Weather & Seasons,Festivals,Sports & Outdoors,Football,Dell,DEL2867,Small,Pink,Direct Supplies,186.83,287.15,309.04,25.26,230.98,20,43,81,51,Low Stock,Warehouse 4,BATCH9619,2025-02-24,2025-11-06,2025-06-23,2025-07-08,11,3158.65,3736.6,New Arrival,307.54,310.54,311.49,307.34
,Adidas Laptop,Tax,Historical Demand,Consumer Behavior,Electronics,Laptop,Adidas,ADI9367,Large,Black,Direct Supplies,354.04,534.42,601.52,17.72,494.93,52,34,78,54,In Stock,Warehouse 2,BATCH9338,2024-12-14,2025-07-12,2025-06-26,2025-06-09,14,7481.88,18410.08,Limited Stock,599.32,603.32,600.41,602.52
,Dell Dress,New Launches,Market Trends,Historical Demand,Fashion,Dress,Dell,DEL1043,Medium,Blue,Retail Hub,393.26,575.4,608.61,12.95,529.8,101,24,47,24,In Stock,Warehouse 2,BATCH7862,2024-08-30,2025-08-11,2025-05-24,2025-06-20,67,38551.8,39719.26,Limited Stock,611.41,606.71,606.86,605.71
,Dell Shampoo,Gender,New Launches,Tax,Beauty & Personal Care,Shampoo,Dell,DEL4599,Small,Yellow,Direct Supplies,108.33,172.42,187.18,7.5,173.14,40,38,60,38,In Stock,Warehouse 2,BATCH7742,2024-11-02,2025-06-19,2025-06-20,2025-06-15,19,3275.98,4333.2,Limited Stock,185.28,184.48,190.63,184.73
,Samsung Stapler,Age,Events,Supply Disruption,Stationery,Stapler,Samsung,SAM1049,Medium,Grey,Brand Distributors,61.99,76.66,90.05,8.71,82.21,207,35,58,66,In Stock,Warehouse 4,BATCH9751,2024-08-27,2025-06-22,2025-05-09,2025-07-05,71,5442.86,12831.93,Seasonal Item,93.15,92.05,91.5,88.05
,Maybelline Shampoo,Historical Demand,Gender,Age,Beauty & Personal Care,Shampoo,Maybelline,MAY5171,Large,Green,Retail Hub,494.83,616.1,676.88,28.76,482.21,174,48,65,76,In Stock,Warehouse 3,BATCH7472,2024-08-11,2025-06-30,2025-06-07,2025-06-28,95,58529.5,86100.42,Limited Stock,678.88,674.88,678.78,675.68
,Apple File Folder,Historical Demand,Consumer Behavior,Competitors,Stationery,File Folder,Apple,APP7944,Large,Black,Global Traders,82.26,92,102.68,25.16,76.85,383,6,23,65,In Stock,Warehouse 5,BATCH3574,2024-12-17,2025-12-12,2025-06-18,2025-06-12,363,33396,31505.58,New Arrival,101.68,103.88,101.23,101.38
,Samsung Dumbbells,New Launches,Festivals,Competitors,Sports & Outdoors,Dumbbells,Samsung,SAM3923,XL,Green,Brand Distributors,491.18,721.14,765.58,14.4,655.34,431,16,30,96,In Stock,Warehouse 3,BATCH4016,2024-11-23,2025-08-04,2025-06-06,2025-06-15,417,300715.38,211698.58,Best Seller,767.68,764.58,768.03,763.88
,LG Dumbbells,Historical Demand,Purchasing Power,Events,Sports & Outdoors,Dumbbells,LG,LG3284,Medium,White,Brand Distributors,222.94,311.95,379.45,29.53,267.4,223,9,58,57,In Stock,Warehouse 4,BATCH7280,2024-11-18,2025-11-12,2025-06-08,2025-06-22,217,67693.15,49715.62,Seasonal Item,377.95,380.95,378.34,380.45
,Maybelline Washing Machine,Festivals,Events,Purchasing Power,Home Appliances,Washing Machine,Maybelline,MAY7638,Medium,Pink,Wholesale Mart,104.06,133.05,165.26,15.69,139.33,455,42,76,42,In Stock,Warehouse 1,BATCH1081,2024-11-16,2025-09-19,2025-06-10,2025-06-27,385,51224.25,47347.3,New Arrival,163.06,167.06,163.51,162.36
,Sony Camping Tent,Competitors,Supply Disruption,Consumer Behavior,Sports & Outdoors,Camping Tent,Sony,SON1409,Small,Pink,Brand Distributors,76.11,89.55,111.36,17.37,92.02,337,17,62,76,In Stock,Warehouse 5,BATCH7163,2025-06-09,2026-02-14,2025-07-07,2025-06-22,165,14775.75,25649.07,Clearance,114.16,109.46,114.81,108.91
,Nike Washing Machine,Historical Demand,Purchasing Power,Raw Material,Home Appliances,Washing Machine,Nike,NIK9468,Large,Blue,Global Traders,347.39,474.3,585.01,12.01,514.75,438,17,47,59,In Stock,Warehouse 1,BATCH2406,2024-07-14,2025-05-26,2025-06-29,2025-06-11,134,63556.2,152156.82,Clearance,583.11,582.31,586.46,583.01
,Adidas Notebook,Population Density,Weather & Seasons,Consumer Behavior,Stationery,Notebook,Adidas,ADI7676,Medium,Grey,Direct Supplies,59.8,90.22,104.29,5.93,98.11,169,37,43,94,In Stock,Warehouse 4,BATCH8969,2025-05-05,2026-04-09,2025-05-07,2025-06-12,46,4150.12,10106.2,Seasonal Item,107.39,106.29,106.19,103.09
,Maybelline Stapler,Competitors,Population Density,Weather & Seasons,Stationery,Stapler,Maybelline,MAY6119,One Size,Pink,Wholesale Mart,186.28,293.47,310.37,5.9,292.06,329,11,58,50,In Stock,Warehouse 1,BATCH7045,2025-03-13,2025-11-02,2025-05-18,2025-06-14,310,90975.7,61286.12,New Arrival,312.37,308.37,308.92,309.07
,Apple Action Figure,Market Trends,Supply Disruption,Events,Toys & Games,Action Figure,Apple,APP7276,Small,Yellow,Brand Distributors,407.27,474.24,582.23,10.61,520.46,417,38,59,71,In Stock,Warehouse 4,BATCH7524,2025-04-18,2026-03-06,2025-04-29,2025-06-25,225,106704,169831.59,New Arrival,581.23,583.43,584.68,580.53
